ISO-10303-21;
HEADER;
FILE_DESCRIPTION((''),'2;1');
FILE_NAME('Clip2n125', '2026-04-23T08:42:30', (''), (''), 'ImageToStl.com STEP Converter','', '');
FILE_SCHEMA(('AUTOMOTIVE_DESIGN_CC2'));
ENDSEC;
DATA;
#1=PRODUCT_DEFINITION_CONTEXT('',#4,'design');
#2=APPLICATION_PROTOCOL_DEFINITION('INTERNATIONAL STANDARD','automotive_design',1994,#4);
#3=(GEOMETRIC_REPRESENTATION_CONTEXT(3)GLOBAL_UNCERTAINTY_ASSIGNED_CONTEXT((#5))GLOBAL_UNIT_ASSIGNED_CONTEXT((#6,#7,#8))REPRESENTATION_CONTEXT('NONE','WORKSPACE'));
#4=APPLICATION_CONTEXT(' ');
#5=UNCERTAINTY_MEASURE_WITH_UNIT(LENGTH_MEASURE(1.0E-006),#6,'','');
#6=(CONVERSION_BASED_UNIT('METRE',#10)LENGTH_UNIT()NAMED_UNIT(#11));
#7=(NAMED_UNIT(#12)PLANE_ANGLE_UNIT()SI_UNIT($,.RADIAN.));
#8=(NAMED_UNIT(#12)SOLID_ANGLE_UNIT()SI_UNIT($,.STERADIAN.));
#9=AXIS2_PLACEMENT_3D('',#14,#15,#16);
#10=LENGTH_MEASURE_WITH_UNIT(LENGTH_MEASURE(1.0),#17);
#11=DIMENSIONAL_EXPONENTS(1.0,0.0,0.0,0.0,0.0,0.0,0.0);
#12=DIMENSIONAL_EXPONENTS(0.0,0.0,0.0,0.0,0.0,0.0,0.0);
#13=PRODUCT_CONTEXT('',#4,'mechanical');
#14=CARTESIAN_POINT('',(0.0,0.0,0.0));
#15=DIRECTION('',(0.0,0.0,1.0));
#16=DIRECTION('',(1.0,0.0,0.0));
#17=(NAMED_UNIT(#11)LENGTH_UNIT()SI_UNIT(.MILLI.,.METRE.));
#18=PRESENTATION_STYLE_ASSIGNMENT((#19));
#19=SURFACE_STYLE_USAGE(.BOTH.,#20);
#20=SURFACE_SIDE_STYLE('',(#21));
#21=SURFACE_STYLE_FILL_AREA(#22);
#22=FILL_AREA_STYLE('',(#23));
#23=FILL_AREA_STYLE_COLOUR('',#24);
#24=COLOUR_RGB('',0.85,0.85,0.85);
#25=SHAPE_DEFINITION_REPRESENTATION(#26,#27);
#26=PRODUCT_DEFINITION_SHAPE('productshape0','',#30);
#27=MANIFOLD_SURFACE_SHAPE_REPRESENTATION('',(#28,#9),#3);
#28=SHELL_BASED_SURFACE_MODEL('shell0',(#33));
#29=PRODUCT('product0','','',(#13));
#30=PRODUCT_DEFINITION('mesh0','',#31,#2);
#31=PRODUCT_DEFINITION_FORMATION_WITH_SPECIFIED_SOURCE('prodsource0','',#29,.NOT_KNOWN.);
#32=STYLED_ITEM('',(#18),#33);
#33=CLOSED_SHELL('',(#182,#204,#226,#248,#270,#292,#314,#336,#358,#380,#402,#424,#446,#468,#490,#512,#534,#556,#578,#600,#622,#644,#666,#688,#710,#732,#754,#776,#798,#820,#842,#864,#886,#908,#930,#952,#974,#996,#1018,#1040,#1062,#1084,#1106,#1128,#1150,#1172,#1194,#1216,#1238,#1260,#1282,#1304,#1326,#1348,#1370,#1392,#1414,#1436,#1458,#1480,#1502,#1524,#1546,#1568,#1590,#1612,#1634,#1656,#1678,#1700,#1722,#1744,#1766,#1788,#1810,#1832,#1854,#1876,#1898,#1920,#1942,#1964,#1986,#2008,#2030,#2052,#2074,#2096,#2118,#2140,#2162,#2184,#2206,#2228,#2250,#2272,#2294,#2316,#2338,#2360,#2382,#2404,#2426,#2448,#2470,#2492,#2514,#2536,#2558,#2580,#2602,#2624,#2646,#2668,#2690,#2712,#2734,#2756,#2778,#2800,#2822,#2844,#2866,#2888,#2910,#2932,#2954,#2976,#2998,#3020,#3042,#3064,#3086,#3108,#3130,#3152,#3174,#3196,#3218,#3240,#3262,#3284,#3306,#3328));
#34=CARTESIAN_POINT('',(-13.75,1.5,0));
#35=VERTEX_POINT('',#34);
#36=CARTESIAN_POINT('',(-13.75,2,0));
#37=VERTEX_POINT('',#36);
#38=CARTESIAN_POINT('',(-10,1.5,0));
#39=VERTEX_POINT('',#38);
#40=CARTESIAN_POINT('',(-9.5,2,0));
#41=VERTEX_POINT('',#40);
#42=CARTESIAN_POINT('',(-10,-0.5,0));
#43=VERTEX_POINT('',#42);
#44=CARTESIAN_POINT('',(-9.5,0,0));
#45=VERTEX_POINT('',#44);
#46=CARTESIAN_POINT('',(-2.5,-0.5,0));
#47=VERTEX_POINT('',#46);
#48=CARTESIAN_POINT('',(-3,-3.469446951953614E-15,0));
#49=VERTEX_POINT('',#48);
#50=CARTESIAN_POINT('',(-2.5,1.635254979133606,0));
#51=VERTEX_POINT('',#50);
#52=CARTESIAN_POINT('',(-3,2,0));
#53=VERTEX_POINT('',#52);
#54=CARTESIAN_POINT('',(-1.6797263622283936,1.8372591733932495,0));
#55=VERTEX_POINT('',#54);
#56=CARTESIAN_POINT('',(-2.162132978439331,2.243757963180542,0));
#57=VERTEX_POINT('',#56);
#58=CARTESIAN_POINT('',(-0.8437958359718323,1.9592198133468628,0));
#59=VERTEX_POINT('',#58);
#60=CARTESIAN_POINT('',(-1.30502450466156,2.4074783325195312,0));
#61=VERTEX_POINT('',#60);
#62=CARTESIAN_POINT('',(1.872630815943411E-15,2,0));
#63=VERTEX_POINT('',#62);
#64=CARTESIAN_POINT('',(18.850000381469727,1,0));
#65=VERTEX_POINT('',#64);
#66=CARTESIAN_POINT('',(19.350000381469727,1,0));
#67=VERTEX_POINT('',#66);
#68=CARTESIAN_POINT('',(18.850000381469727,2.3852447794681098E-15,0));
#69=VERTEX_POINT('',#68);
#70=CARTESIAN_POINT('',(19.350000381469727,-0.5,0));
#71=VERTEX_POINT('',#70);
#72=CARTESIAN_POINT('',(13.84999942779541,0,0));
#73=VERTEX_POINT('',#72);
#74=CARTESIAN_POINT('',(13.34999942779541,-0.5,0));
#75=VERTEX_POINT('',#74);
#76=CARTESIAN_POINT('',(13.84999942779541,2,0));
#77=VERTEX_POINT('',#76);
#78=CARTESIAN_POINT('',(13.34999942779541,1.5,0));
#79=VERTEX_POINT('',#78);
#80=CARTESIAN_POINT('',(9.5,2,0));
#81=VERTEX_POINT('',#80);
#82=CARTESIAN_POINT('',(10,1.5,0));
#83=VERTEX_POINT('',#82);
#84=CARTESIAN_POINT('',(9.5,-2.168404344971009E-15,0));
#85=VERTEX_POINT('',#84);
#86=CARTESIAN_POINT('',(10,-0.5,0));
#87=VERTEX_POINT('',#86);
#88=CARTESIAN_POINT('',(3,0,0));
#89=VERTEX_POINT('',#88);
#90=CARTESIAN_POINT('',(2.5,-0.5,0));
#91=VERTEX_POINT('',#90);
#92=CARTESIAN_POINT('',(3,2,0));
#93=VERTEX_POINT('',#92);
#94=CARTESIAN_POINT('',(2.5,1.635254979133606,0));
#95=VERTEX_POINT('',#94);
#96=CARTESIAN_POINT('',(2.162132978439331,2.243757963180542,0));
#97=VERTEX_POINT('',#96);
#98=CARTESIAN_POINT('',(1.6797263622283936,1.8372591733932495,0));
#99=VERTEX_POINT('',#98);
#100=CARTESIAN_POINT('',(1.30502450466156,2.4074783325195312,0));
#101=VERTEX_POINT('',#100);
#102=CARTESIAN_POINT('',(0.8437958359718323,1.9592198133468628,0));
#103=VERTEX_POINT('',#102);
#104=CARTESIAN_POINT('',(0.43630242347717285,2.4897046089172363,0));
#105=VERTEX_POINT('',#104);
#106=CARTESIAN_POINT('',(-0.43630242347717285,2.4897046089172363,0));
#107=VERTEX_POINT('',#106);
#108=CARTESIAN_POINT('',(19.350000381469727,1,4.800000190734863));
#109=VERTEX_POINT('',#108);
#110=CARTESIAN_POINT('',(18.850000381469727,1,4.800000190734863));
#111=VERTEX_POINT('',#110);
#112=CARTESIAN_POINT('',(19.350000381469727,-0.5,4.800000190734863));
#113=VERTEX_POINT('',#112);
#114=CARTESIAN_POINT('',(18.850000381469727,2.3852447794681098E-15,4.800000190734863));
#115=VERTEX_POINT('',#114);
#116=CARTESIAN_POINT('',(13.34999942779541,-0.5,4.800000190734863));
#117=VERTEX_POINT('',#116);
#118=CARTESIAN_POINT('',(13.84999942779541,0,4.800000190734863));
#119=VERTEX_POINT('',#118);
#120=CARTESIAN_POINT('',(13.34999942779541,1.5,4.800000190734863));
#121=VERTEX_POINT('',#120);
#122=CARTESIAN_POINT('',(13.84999942779541,2,4.800000190734863));
#123=VERTEX_POINT('',#122);
#124=CARTESIAN_POINT('',(10,1.5,4.800000190734863));
#125=VERTEX_POINT('',#124);
#126=CARTESIAN_POINT('',(9.5,2,4.800000190734863));
#127=VERTEX_POINT('',#126);
#128=CARTESIAN_POINT('',(10,-0.5,4.800000190734863));
#129=VERTEX_POINT('',#128);
#130=CARTESIAN_POINT('',(9.5,-2.168404344971009E-15,4.800000190734863));
#131=VERTEX_POINT('',#130);
#132=CARTESIAN_POINT('',(2.5,-0.5,4.800000190734863));
#133=VERTEX_POINT('',#132);
#134=CARTESIAN_POINT('',(3,0,4.800000190734863));
#135=VERTEX_POINT('',#134);
#136=CARTESIAN_POINT('',(2.5,1.635254979133606,4.800000190734863));
#137=VERTEX_POINT('',#136);
#138=CARTESIAN_POINT('',(3,2,4.800000190734863));
#139=VERTEX_POINT('',#138);
#140=CARTESIAN_POINT('',(1.6797263622283936,1.8372591733932495,4.800000190734863));
#141=VERTEX_POINT('',#140);
#142=CARTESIAN_POINT('',(2.162132978439331,2.243757963180542,4.800000190734863));
#143=VERTEX_POINT('',#142);
#144=CARTESIAN_POINT('',(0.8437958359718323,1.9592198133468628,4.800000190734863));
#145=VERTEX_POINT('',#144);
#146=CARTESIAN_POINT('',(1.30502450466156,2.4074783325195312,4.800000190734863));
#147=VERTEX_POINT('',#146);
#148=CARTESIAN_POINT('',(1.872630815943411E-15,2,4.800000190734863));
#149=VERTEX_POINT('',#148);
#150=CARTESIAN_POINT('',(-13.75,2,4.800000190734863));
#151=VERTEX_POINT('',#150);
#152=CARTESIAN_POINT('',(-13.75,1.5,4.800000190734863));
#153=VERTEX_POINT('',#152);
#154=CARTESIAN_POINT('',(-9.5,2,4.800000190734863));
#155=VERTEX_POINT('',#154);
#156=CARTESIAN_POINT('',(-10,1.5,4.800000190734863));
#157=VERTEX_POINT('',#156);
#158=CARTESIAN_POINT('',(-9.5,0,4.800000190734863));
#159=VERTEX_POINT('',#158);
#160=CARTESIAN_POINT('',(-10,-0.5,4.800000190734863));
#161=VERTEX_POINT('',#160);
#162=CARTESIAN_POINT('',(-3,-3.469446951953614E-15,4.800000190734863));
#163=VERTEX_POINT('',#162);
#164=CARTESIAN_POINT('',(-2.5,-0.5,4.800000190734863));
#165=VERTEX_POINT('',#164);
#166=CARTESIAN_POINT('',(-3,2,4.800000190734863));
#167=VERTEX_POINT('',#166);
#168=CARTESIAN_POINT('',(-2.5,1.635254979133606,4.800000190734863));
#169=VERTEX_POINT('',#168);
#170=CARTESIAN_POINT('',(-2.162132978439331,2.243757963180542,4.800000190734863));
#171=VERTEX_POINT('',#170);
#172=CARTESIAN_POINT('',(-1.6797263622283936,1.8372591733932495,4.800000190734863));
#173=VERTEX_POINT('',#172);
#174=CARTESIAN_POINT('',(-1.30502450466156,2.4074783325195312,4.800000190734863));
#175=VERTEX_POINT('',#174);
#176=CARTESIAN_POINT('',(-0.8437958359718323,1.9592198133468628,4.800000190734863));
#177=VERTEX_POINT('',#176);
#178=CARTESIAN_POINT('',(-0.43630242347717285,2.4897046089172363,4.800000190734863));
#179=VERTEX_POINT('',#178);
#180=CARTESIAN_POINT('',(0.43630242347717285,2.4897046089172363,4.800000190734863));
#181=VERTEX_POINT('',#180);
#182=FACE_SURFACE('',(#187),#183,.T.);
#183=PLANE('',#184);
#184=AXIS2_PLACEMENT_3D('',#34,#185,#186);
#185=DIRECTION('',(0,0,-1));
#186=DIRECTION('',(0,1,0));
#187=FACE_BOUND('',#188,.T.);
#188=EDGE_LOOP('',(#189,#190,#191));
#189=ORIENTED_EDGE('',*,*,#192,.T.);
#190=ORIENTED_EDGE('',*,*,#193,.T.);
#191=ORIENTED_EDGE('',*,*,#194,.T.);
#192=EDGE_CURVE('',#35,#37,#195,.F.);
#193=EDGE_CURVE('',#37,#39,#196,.T.);
#194=EDGE_CURVE('',#39,#35,#197,.T.);
#195=LINE('',#34,#198);
#196=LINE('',#36,#199);
#197=LINE('',#38,#200);
#198=VECTOR('',#201,1.0);
#199=VECTOR('',#202,1.0);
#200=VECTOR('',#203,1.0);
#201=DIRECTION('',(0,1,0));
#202=DIRECTION('',(0.9912279006826347,-0.13216372009101796,0));
#203=DIRECTION('',(-1,0,0));
#204=FACE_SURFACE('',(#209),#205,.T.);
#205=PLANE('',#206);
#206=AXIS2_PLACEMENT_3D('',#36,#207,#208);
#207=DIRECTION('',(0,0,-1));
#208=DIRECTION('',(1,0,0));
#209=FACE_BOUND('',#210,.T.);
#210=EDGE_LOOP('',(#211,#212,#213));
#211=ORIENTED_EDGE('',*,*,#214,.T.);
#212=ORIENTED_EDGE('',*,*,#215,.T.);
#213=ORIENTED_EDGE('',*,*,#216,.T.);
#214=EDGE_CURVE('',#37,#41,#217,.F.);
#215=EDGE_CURVE('',#41,#39,#218,.T.);
#216=EDGE_CURVE('',#39,#37,#219,.T.);
#217=LINE('',#36,#220);
#218=LINE('',#40,#221);
#219=LINE('',#38,#222);
#220=VECTOR('',#223,1.0);
#221=VECTOR('',#224,1.0);
#222=VECTOR('',#225,1.0);
#223=DIRECTION('',(1,0,0));
#224=DIRECTION('',(-0.7071067811865475,-0.7071067811865475,0));
#225=DIRECTION('',(-0.9912279006826347,0.13216372009101796,0));
#226=FACE_SURFACE('',(#231),#227,.T.);
#227=PLANE('',#228);
#228=AXIS2_PLACEMENT_3D('',#38,#229,#230);
#229=DIRECTION('',(0,0,-1));
#230=DIRECTION('',(0.7071067811865475,0.7071067811865475,0));
#231=FACE_BOUND('',#232,.T.);
#232=EDGE_LOOP('',(#233,#234,#235));
#233=ORIENTED_EDGE('',*,*,#236,.T.);
#234=ORIENTED_EDGE('',*,*,#237,.T.);
#235=ORIENTED_EDGE('',*,*,#238,.T.);
#236=EDGE_CURVE('',#39,#41,#239,.F.);
#237=EDGE_CURVE('',#41,#43,#240,.T.);
#238=EDGE_CURVE('',#43,#39,#241,.T.);
#239=LINE('',#38,#242);
#240=LINE('',#40,#243);
#241=LINE('',#42,#244);
#242=VECTOR('',#245,1.0);
#243=VECTOR('',#246,1.0);
#244=VECTOR('',#247,1.0);
#245=DIRECTION('',(0.7071067811865475,0.7071067811865475,0));
#246=DIRECTION('',(-0.19611613513818404,-0.9805806756909202,0));
#247=DIRECTION('',(0,1,0));
#248=FACE_SURFACE('',(#253),#249,.T.);
#249=PLANE('',#250);
#250=AXIS2_PLACEMENT_3D('',#40,#251,#252);
#251=DIRECTION('',(0,-0,-1));
#252=DIRECTION('',(0,-1,0));
#253=FACE_BOUND('',#254,.T.);
#254=EDGE_LOOP('',(#255,#256,#257));
#255=ORIENTED_EDGE('',*,*,#258,.T.);
#256=ORIENTED_EDGE('',*,*,#259,.T.);
#257=ORIENTED_EDGE('',*,*,#260,.T.);
#258=EDGE_CURVE('',#41,#45,#261,.F.);
#259=EDGE_CURVE('',#45,#43,#262,.T.);
#260=EDGE_CURVE('',#43,#41,#263,.T.);
#261=LINE('',#40,#264);
#262=LINE('',#44,#265);
#263=LINE('',#42,#266);
#264=VECTOR('',#267,1.0);
#265=VECTOR('',#268,1.0);
#266=VECTOR('',#269,1.0);
#267=DIRECTION('',(0,-1,0));
#268=DIRECTION('',(-0.7071067811865475,-0.7071067811865475,0));
#269=DIRECTION('',(0.19611613513818404,0.9805806756909202,0));
#270=FACE_SURFACE('',(#275),#271,.T.);
#271=PLANE('',#272);
#272=AXIS2_PLACEMENT_3D('',#42,#273,#274);
#273=DIRECTION('',(0,0,-1));
#274=DIRECTION('',(0.7071067811865475,0.7071067811865475,0));
#275=FACE_BOUND('',#276,.T.);
#276=EDGE_LOOP('',(#277,#278,#279));
#277=ORIENTED_EDGE('',*,*,#280,.T.);
#278=ORIENTED_EDGE('',*,*,#281,.T.);
#279=ORIENTED_EDGE('',*,*,#282,.T.);
#280=EDGE_CURVE('',#43,#45,#283,.F.);
#281=EDGE_CURVE('',#45,#47,#284,.T.);
#282=EDGE_CURVE('',#47,#43,#285,.T.);
#283=LINE('',#42,#286);
#284=LINE('',#44,#287);
#285=LINE('',#46,#288);
#286=VECTOR('',#289,1.0);
#287=VECTOR('',#290,1.0);
#288=VECTOR('',#291,1.0);
#289=DIRECTION('',(0.7071067811865475,0.7071067811865475,0));
#290=DIRECTION('',(0.9974586998307351,-0.07124704998790965,0));
#291=DIRECTION('',(-1,0,0));
#292=FACE_SURFACE('',(#297),#293,.T.);
#293=PLANE('',#294);
#294=AXIS2_PLACEMENT_3D('',#44,#295,#296);
#295=DIRECTION('',(0,0,-1));
#296=DIRECTION('',(1,-5.337610695313252E-16,0));
#297=FACE_BOUND('',#298,.T.);
#298=EDGE_LOOP('',(#299,#300,#301));
#299=ORIENTED_EDGE('',*,*,#302,.T.);
#300=ORIENTED_EDGE('',*,*,#303,.T.);
#301=ORIENTED_EDGE('',*,*,#304,.T.);
#302=EDGE_CURVE('',#45,#49,#305,.F.);
#303=EDGE_CURVE('',#49,#47,#306,.T.);
#304=EDGE_CURVE('',#47,#45,#307,.T.);
#305=LINE('',#44,#308);
#306=LINE('',#48,#309);
#307=LINE('',#46,#310);
#308=VECTOR('',#311,1.0);
#309=VECTOR('',#312,1.0);
#310=VECTOR('',#313,1.0);
#311=DIRECTION('',(1,-5.337610695313252E-16,0));
#312=DIRECTION('',(0.7071067811865499,-0.707106781186545,0));
#313=DIRECTION('',(-0.9974586998307351,0.07124704998790965,0));
#314=FACE_SURFACE('',(#319),#315,.T.);
#315=PLANE('',#316);
#316=AXIS2_PLACEMENT_3D('',#46,#317,#318);
#317=DIRECTION('',(0,0,-1));
#318=DIRECTION('',(-0.7071067811865499,0.707106781186545,0));
#319=FACE_BOUND('',#320,.T.);
#320=EDGE_LOOP('',(#321,#322,#323));
#321=ORIENTED_EDGE('',*,*,#324,.T.);
#322=ORIENTED_EDGE('',*,*,#325,.T.);
#323=ORIENTED_EDGE('',*,*,#326,.T.);
#324=EDGE_CURVE('',#47,#49,#327,.F.);
#325=EDGE_CURVE('',#49,#51,#328,.T.);
#326=EDGE_CURVE('',#51,#47,#329,.T.);
#327=LINE('',#46,#330);
#328=LINE('',#48,#331);
#329=LINE('',#50,#332);
#330=VECTOR('',#333,1.0);
#331=VECTOR('',#334,1.0);
#332=VECTOR('',#335,1.0);
#333=DIRECTION('',(-0.7071067811865499,0.707106781186545,0));
#334=DIRECTION('',(0.29239971841453943,0.9562961908692819,0));
#335=DIRECTION('',(0,-1,0));
#336=FACE_SURFACE('',(#341),#337,.T.);
#337=PLANE('',#338);
#338=AXIS2_PLACEMENT_3D('',#48,#339,#340);
#339=DIRECTION('',(0,0,-1));
#340=DIRECTION('',(0,1,0));
#341=FACE_BOUND('',#342,.T.);
#342=EDGE_LOOP('',(#343,#344,#345));
#343=ORIENTED_EDGE('',*,*,#346,.T.);
#344=ORIENTED_EDGE('',*,*,#347,.T.);
#345=ORIENTED_EDGE('',*,*,#348,.T.);
#346=EDGE_CURVE('',#49,#53,#349,.F.);
#347=EDGE_CURVE('',#53,#51,#350,.T.);
#348=EDGE_CURVE('',#51,#49,#351,.T.);
#349=LINE('',#48,#352);
#350=LINE('',#52,#353);
#351=LINE('',#50,#354);
#352=VECTOR('',#355,1.0);
#353=VECTOR('',#356,1.0);
#354=VECTOR('',#357,1.0);
#355=DIRECTION('',(0,1,0));
#356=DIRECTION('',(0.8078831430543622,-0.5893427077419426,0));
#357=DIRECTION('',(-0.29239971841453943,-0.9562961908692819,0));
#358=FACE_SURFACE('',(#363),#359,.T.);
#359=PLANE('',#360);
#360=AXIS2_PLACEMENT_3D('',#50,#361,#362);
#361=DIRECTION('',(0,0,-1));
#362=DIRECTION('',(-0.8078831430543622,0.5893427077419426,0));
#363=FACE_BOUND('',#364,.T.);
#364=EDGE_LOOP('',(#365,#366,#367));
#365=ORIENTED_EDGE('',*,*,#368,.T.);
#366=ORIENTED_EDGE('',*,*,#369,.T.);
#367=ORIENTED_EDGE('',*,*,#370,.T.);
#368=EDGE_CURVE('',#51,#53,#371,.F.);
#369=EDGE_CURVE('',#53,#55,#372,.T.);
#370=EDGE_CURVE('',#55,#51,#373,.T.);
#371=LINE('',#50,#374);
#372=LINE('',#52,#375);
#373=LINE('',#54,#376);
#374=VECTOR('',#377,1.0);
#375=VECTOR('',#378,1.0);
#376=VECTOR('',#379,1.0);
#377=DIRECTION('',(-0.8078831430543622,0.5893427077419426,0));
#378=DIRECTION('',(0.9924886093932928,-0.12233707624660592,0));
#379=DIRECTION('',(-0.9709899597270946,-0.23912025867578718,0));
#380=FACE_SURFACE('',(#385),#381,.T.);
#381=PLANE('',#382);
#382=AXIS2_PLACEMENT_3D('',#52,#383,#384);
#383=DIRECTION('',(0,0,-1));
#384=DIRECTION('',(0.9601907383181277,0.27934520945970903,0));
#385=FACE_BOUND('',#386,.T.);
#386=EDGE_LOOP('',(#387,#388,#389));
#387=ORIENTED_EDGE('',*,*,#390,.T.);
#388=ORIENTED_EDGE('',*,*,#391,.T.);
#389=ORIENTED_EDGE('',*,*,#392,.T.);
#390=EDGE_CURVE('',#53,#57,#393,.F.);
#391=EDGE_CURVE('',#57,#55,#394,.T.);
#392=EDGE_CURVE('',#55,#53,#395,.T.);
#393=LINE('',#52,#396);
#394=LINE('',#56,#397);
#395=LINE('',#54,#398);
#396=VECTOR('',#399,1.0);
#397=VECTOR('',#400,1.0);
#398=VECTOR('',#401,1.0);
#399=DIRECTION('',(0.9601907383181277,0.27934520945970903,0));
#400=DIRECTION('',(0.7647068103549925,-0.6443783781263097,0));
#401=DIRECTION('',(-0.9924886093932928,0.12233707624660592,0));
#402=FACE_SURFACE('',(#407),#403,.T.);
#403=PLANE('',#404);
#404=AXIS2_PLACEMENT_3D('',#54,#405,#406);
#405=DIRECTION('',(0,0,-1));
#406=DIRECTION('',(-0.7647068103549925,0.6443783781263097,0));
#407=FACE_BOUND('',#408,.T.);
#408=EDGE_LOOP('',(#409,#410,#411));
#409=ORIENTED_EDGE('',*,*,#412,.T.);
#410=ORIENTED_EDGE('',*,*,#413,.T.);
#411=ORIENTED_EDGE('',*,*,#414,.T.);
#412=EDGE_CURVE('',#55,#57,#415,.F.);
#413=EDGE_CURVE('',#57,#59,#416,.T.);
#414=EDGE_CURVE('',#59,#55,#417,.T.);
#415=LINE('',#54,#418);
#416=LINE('',#56,#419);
#417=LINE('',#58,#420);
#418=VECTOR('',#421,1.0);
#419=VECTOR('',#422,1.0);
#420=VECTOR('',#423,1.0);
#421=DIRECTION('',(-0.7647068103549925,0.6443783781263097,0));
#422=DIRECTION('',(0.9774918591287364,-0.21097313889935473,0));
#423=DIRECTION('',(-0.9895238335262708,-0.1443696051233533,0));
#424=FACE_SURFACE('',(#429),#425,.T.);
#425=PLANE('',#426);
#426=AXIS2_PLACEMENT_3D('',#56,#427,#428);
#427=DIRECTION('',(0,0,-1));
#428=DIRECTION('',(0.9822411987115428,0.18762256674960898,0));
#429=FACE_BOUND('',#430,.T.);
#430=EDGE_LOOP('',(#431,#432,#433));
#431=ORIENTED_EDGE('',*,*,#434,.T.);
#432=ORIENTED_EDGE('',*,*,#435,.T.);
#433=ORIENTED_EDGE('',*,*,#436,.T.);
#434=EDGE_CURVE('',#57,#61,#437,.F.);
#435=EDGE_CURVE('',#61,#59,#438,.T.);
#436=EDGE_CURVE('',#59,#57,#439,.T.);
#437=LINE('',#56,#440);
#438=LINE('',#60,#441);
#439=LINE('',#58,#442);
#440=VECTOR('',#443,1.0);
#441=VECTOR('',#444,1.0);
#442=VECTOR('',#445,1.0);
#443=DIRECTION('',(0.9822411987115428,0.18762256674960898,0));
#444=DIRECTION('',(0.7171178761551575,-0.6969519005632426,0));
#445=DIRECTION('',(-0.9774918591287364,0.21097313889935473,0));
#446=FACE_SURFACE('',(#451),#447,.T.);
#447=PLANE('',#448);
#448=AXIS2_PLACEMENT_3D('',#58,#449,#450);
#449=DIRECTION('',(0,0,-1));
#450=DIRECTION('',(-0.7171178761551575,0.6969519005632426,0));
#451=FACE_BOUND('',#452,.T.);
#452=EDGE_LOOP('',(#453,#454,#455));
#453=ORIENTED_EDGE('',*,*,#456,.T.);
#454=ORIENTED_EDGE('',*,*,#457,.T.);
#455=ORIENTED_EDGE('',*,*,#458,.T.);
#456=EDGE_CURVE('',#59,#61,#459,.F.);
#457=EDGE_CURVE('',#61,#63,#460,.T.);
#458=EDGE_CURVE('',#63,#59,#461,.T.);
#459=LINE('',#58,#462);
#460=LINE('',#60,#463);
#461=LINE('',#62,#464);
#462=VECTOR('',#465,1.0);
#463=VECTOR('',#466,1.0);
#464=VECTOR('',#467,1.0);
#465=DIRECTION('',(-0.7171178761551575,0.6969519005632426,0));
#466=DIRECTION('',(0.9545511325396195,-0.2980472032536621,0));
#467=DIRECTION('',(-0.9988341741451444,-0.04827310389634442,0));
#468=FACE_SURFACE('',(#473),#469,.T.);
#469=PLANE('',#470);
#470=AXIS2_PLACEMENT_3D('',#64,#471,#472);
#471=DIRECTION('',(0,0,-1));
#472=DIRECTION('',(1,0,0));
#473=FACE_BOUND('',#474,.T.);
#474=EDGE_LOOP('',(#475,#476,#477));
#475=ORIENTED_EDGE('',*,*,#478,.T.);
#476=ORIENTED_EDGE('',*,*,#479,.T.);
#477=ORIENTED_EDGE('',*,*,#480,.T.);
#478=EDGE_CURVE('',#65,#67,#481,.F.);
#479=EDGE_CURVE('',#67,#69,#482,.T.);
#480=EDGE_CURVE('',#69,#65,#483,.T.);
#481=LINE('',#64,#484);
#482=LINE('',#66,#485);
#483=LINE('',#68,#486);
#484=VECTOR('',#487,1.0);
#485=VECTOR('',#488,1.0);
#486=VECTOR('',#489,1.0);
#487=DIRECTION('',(1,0,0));
#488=DIRECTION('',(-0.4472135954999588,-0.8944271909999155,0));
#489=DIRECTION('',(0,1,0));
#490=FACE_SURFACE('',(#495),#491,.T.);
#491=PLANE('',#492);
#492=AXIS2_PLACEMENT_3D('',#66,#493,#494);
#493=DIRECTION('',(0,-0,-1));
#494=DIRECTION('',(0,-1,0));
#495=FACE_BOUND('',#496,.T.);
#496=EDGE_LOOP('',(#497,#498,#499));
#497=ORIENTED_EDGE('',*,*,#500,.T.);
#498=ORIENTED_EDGE('',*,*,#501,.T.);
#499=ORIENTED_EDGE('',*,*,#502,.T.);
#500=EDGE_CURVE('',#67,#71,#503,.F.);
#501=EDGE_CURVE('',#71,#69,#504,.T.);
#502=EDGE_CURVE('',#69,#67,#505,.T.);
#503=LINE('',#66,#506);
#504=LINE('',#70,#507);
#505=LINE('',#68,#508);
#506=VECTOR('',#509,1.0);
#507=VECTOR('',#510,1.0);
#508=VECTOR('',#511,1.0);
#509=DIRECTION('',(0,-1,0));
#510=DIRECTION('',(-0.7071067811865459,0.7071067811865492,0));
#511=DIRECTION('',(0.4472135954999588,0.8944271909999155,0));
#512=FACE_SURFACE('',(#517),#513,.T.);
#513=PLANE('',#514);
#514=AXIS2_PLACEMENT_3D('',#68,#515,#516);
#515=DIRECTION('',(0,-0,-1));
#516=DIRECTION('',(0.7071067811865459,-0.7071067811865492,0));
#517=FACE_BOUND('',#518,.T.);
#518=EDGE_LOOP('',(#519,#520,#521));
#519=ORIENTED_EDGE('',*,*,#522,.T.);
#520=ORIENTED_EDGE('',*,*,#523,.T.);
#521=ORIENTED_EDGE('',*,*,#524,.T.);
#522=EDGE_CURVE('',#69,#71,#525,.F.);
#523=EDGE_CURVE('',#71,#73,#526,.T.);
#524=EDGE_CURVE('',#73,#69,#527,.T.);
#525=LINE('',#68,#528);
#526=LINE('',#70,#529);
#527=LINE('',#72,#530);
#528=VECTOR('',#531,1.0);
#529=VECTOR('',#532,1.0);
#530=VECTOR('',#533,1.0);
#531=DIRECTION('',(0.7071067811865459,-0.7071067811865492,0));
#532=DIRECTION('',(-0.9958932078831397,0.09053573047272163,0));
#533=DIRECTION('',(1,4.770488649037719E-16,0));
#534=FACE_SURFACE('',(#539),#535,.T.);
#535=PLANE('',#536);
#536=AXIS2_PLACEMENT_3D('',#70,#537,#538);
#537=DIRECTION('',(0,0,-1));
#538=DIRECTION('',(-1,0,0));
#539=FACE_BOUND('',#540,.T.);
#540=EDGE_LOOP('',(#541,#542,#543));
#541=ORIENTED_EDGE('',*,*,#544,.T.);
#542=ORIENTED_EDGE('',*,*,#545,.T.);
#543=ORIENTED_EDGE('',*,*,#546,.T.);
#544=EDGE_CURVE('',#71,#75,#547,.F.);
#545=EDGE_CURVE('',#75,#73,#548,.T.);
#546=EDGE_CURVE('',#73,#71,#549,.T.);
#547=LINE('',#70,#550);
#548=LINE('',#74,#551);
#549=LINE('',#72,#552);
#550=VECTOR('',#553,1.0);
#551=VECTOR('',#554,1.0);
#552=VECTOR('',#555,1.0);
#553=DIRECTION('',(-1,0,0));
#554=DIRECTION('',(0.7071067811865475,0.7071067811865475,0));
#555=DIRECTION('',(0.9958932078831397,-0.09053573047272163,0));
#556=FACE_SURFACE('',(#561),#557,.T.);
#557=PLANE('',#558);
#558=AXIS2_PLACEMENT_3D('',#72,#559,#560);
#559=DIRECTION('',(-0,0,-1));
#560=DIRECTION('',(-0.7071067811865475,-0.7071067811865475,0));
#561=FACE_BOUND('',#562,.T.);
#562=EDGE_LOOP('',(#563,#564,#565));
#563=ORIENTED_EDGE('',*,*,#566,.T.);
#564=ORIENTED_EDGE('',*,*,#567,.T.);
#565=ORIENTED_EDGE('',*,*,#568,.T.);
#566=EDGE_CURVE('',#73,#75,#569,.F.);
#567=EDGE_CURVE('',#75,#77,#570,.T.);
#568=EDGE_CURVE('',#77,#73,#571,.T.);
#569=LINE('',#72,#572);
#570=LINE('',#74,#573);
#571=LINE('',#76,#574);
#572=VECTOR('',#575,1.0);
#573=VECTOR('',#576,1.0);
#574=VECTOR('',#577,1.0);
#575=DIRECTION('',(-0.7071067811865475,-0.7071067811865475,0));
#576=DIRECTION('',(0.19611613513818404,0.9805806756909202,0));
#577=DIRECTION('',(0,-1,0));
#578=FACE_SURFACE('',(#583),#579,.T.);
#579=PLANE('',#580);
#580=AXIS2_PLACEMENT_3D('',#74,#581,#582);
#581=DIRECTION('',(0,0,-1));
#582=DIRECTION('',(0,1,0));
#583=FACE_BOUND('',#584,.T.);
#584=EDGE_LOOP('',(#585,#586,#587));
#585=ORIENTED_EDGE('',*,*,#588,.T.);
#586=ORIENTED_EDGE('',*,*,#589,.T.);
#587=ORIENTED_EDGE('',*,*,#590,.T.);
#588=EDGE_CURVE('',#75,#79,#591,.F.);
#589=EDGE_CURVE('',#79,#77,#592,.T.);
#590=EDGE_CURVE('',#77,#75,#593,.T.);
#591=LINE('',#74,#594);
#592=LINE('',#78,#595);
#593=LINE('',#76,#596);
#594=VECTOR('',#597,1.0);
#595=VECTOR('',#598,1.0);
#596=VECTOR('',#599,1.0);
#597=DIRECTION('',(0,1,0));
#598=DIRECTION('',(0.7071067811865475,0.7071067811865475,0));
#599=DIRECTION('',(-0.19611613513818404,-0.9805806756909202,0));
#600=FACE_SURFACE('',(#605),#601,.T.);
#601=PLANE('',#602);
#602=AXIS2_PLACEMENT_3D('',#76,#603,#604);
#603=DIRECTION('',(-0,0,-1));
#604=DIRECTION('',(-0.7071067811865475,-0.7071067811865475,0));
#605=FACE_BOUND('',#606,.T.);
#606=EDGE_LOOP('',(#607,#608,#609));
#607=ORIENTED_EDGE('',*,*,#610,.T.);
#608=ORIENTED_EDGE('',*,*,#611,.T.);
#609=ORIENTED_EDGE('',*,*,#612,.T.);
#610=EDGE_CURVE('',#77,#79,#613,.F.);
#611=EDGE_CURVE('',#79,#81,#614,.T.);
#612=EDGE_CURVE('',#81,#77,#615,.T.);
#613=LINE('',#76,#616);
#614=LINE('',#78,#617);
#615=LINE('',#80,#618);
#616=VECTOR('',#619,1.0);
#617=VECTOR('',#620,1.0);
#618=VECTOR('',#621,1.0);
#619=DIRECTION('',(-0.7071067811865475,-0.7071067811865475,0));
#620=DIRECTION('',(-0.9916720710806096,0.12878859980096954,0));
#621=DIRECTION('',(1,0,0));
#622=FACE_SURFACE('',(#627),#623,.T.);
#623=PLANE('',#624);
#624=AXIS2_PLACEMENT_3D('',#78,#625,#626);
#625=DIRECTION('',(0,0,-1));
#626=DIRECTION('',(-1,0,0));
#627=FACE_BOUND('',#628,.T.);
#628=EDGE_LOOP('',(#629,#630,#631));
#629=ORIENTED_EDGE('',*,*,#632,.T.);
#630=ORIENTED_EDGE('',*,*,#633,.T.);
#631=ORIENTED_EDGE('',*,*,#634,.T.);
#632=EDGE_CURVE('',#79,#83,#635,.F.);
#633=EDGE_CURVE('',#83,#81,#636,.T.);
#634=EDGE_CURVE('',#81,#79,#637,.T.);
#635=LINE('',#78,#638);
#636=LINE('',#82,#639);
#637=LINE('',#80,#640);
#638=VECTOR('',#641,1.0);
#639=VECTOR('',#642,1.0);
#640=VECTOR('',#643,1.0);
#641=DIRECTION('',(-1,0,0));
#642=DIRECTION('',(-0.7071067811865475,0.7071067811865475,0));
#643=DIRECTION('',(0.9916720710806096,-0.12878859980096954,0));
#644=FACE_SURFACE('',(#649),#645,.T.);
#645=PLANE('',#646);
#646=AXIS2_PLACEMENT_3D('',#80,#647,#648);
#647=DIRECTION('',(0,0,-1));
#648=DIRECTION('',(0.7071067811865475,-0.7071067811865475,0));
#649=FACE_BOUND('',#650,.T.);
#650=EDGE_LOOP('',(#651,#652,#653));
#651=ORIENTED_EDGE('',*,*,#654,.T.);
#652=ORIENTED_EDGE('',*,*,#655,.T.);
#653=ORIENTED_EDGE('',*,*,#656,.T.);
#654=EDGE_CURVE('',#81,#83,#657,.F.);
#655=EDGE_CURVE('',#83,#85,#658,.T.);
#656=EDGE_CURVE('',#85,#81,#659,.T.);
#657=LINE('',#80,#660);
#658=LINE('',#82,#661);
#659=LINE('',#84,#662);
#660=VECTOR('',#663,1.0);
#661=VECTOR('',#664,1.0);
#662=VECTOR('',#665,1.0);
#663=DIRECTION('',(0.7071067811865475,-0.7071067811865475,0));
#664=DIRECTION('',(-0.3162277660168375,-0.948683298050514,0));
#665=DIRECTION('',(0,1,0));
#666=FACE_SURFACE('',(#671),#667,.T.);
#667=PLANE('',#668);
#668=AXIS2_PLACEMENT_3D('',#82,#669,#670);
#669=DIRECTION('',(0,-0,-1));
#670=DIRECTION('',(0,-1,0));
#671=FACE_BOUND('',#672,.T.);
#672=EDGE_LOOP('',(#673,#674,#675));
#673=ORIENTED_EDGE('',*,*,#676,.T.);
#674=ORIENTED_EDGE('',*,*,#677,.T.);
#675=ORIENTED_EDGE('',*,*,#678,.T.);
#676=EDGE_CURVE('',#83,#87,#679,.F.);
#677=EDGE_CURVE('',#87,#85,#680,.T.);
#678=EDGE_CURVE('',#85,#83,#681,.T.);
#679=LINE('',#82,#682);
#680=LINE('',#86,#683);
#681=LINE('',#84,#684);
#682=VECTOR('',#685,1.0);
#683=VECTOR('',#686,1.0);
#684=VECTOR('',#687,1.0);
#685=DIRECTION('',(0,-1,0));
#686=DIRECTION('',(-0.707106781186549,0.707106781186546,0));
#687=DIRECTION('',(0.3162277660168375,0.948683298050514,0));
#688=FACE_SURFACE('',(#693),#689,.T.);
#689=PLANE('',#690);
#690=AXIS2_PLACEMENT_3D('',#84,#691,#692);
#691=DIRECTION('',(-0,-0,-1));
#692=DIRECTION('',(0.707106781186549,-0.707106781186546,0));
#693=FACE_BOUND('',#694,.T.);
#694=EDGE_LOOP('',(#695,#696,#697));
#695=ORIENTED_EDGE('',*,*,#698,.T.);
#696=ORIENTED_EDGE('',*,*,#699,.T.);
#697=ORIENTED_EDGE('',*,*,#700,.T.);
#698=EDGE_CURVE('',#85,#87,#701,.F.);
#699=EDGE_CURVE('',#87,#89,#702,.T.);
#700=EDGE_CURVE('',#89,#85,#703,.T.);
#701=LINE('',#84,#704);
#702=LINE('',#86,#705);
#703=LINE('',#88,#706);
#704=VECTOR('',#707,1.0);
#705=VECTOR('',#708,1.0);
#706=VECTOR('',#709,1.0);
#707=DIRECTION('',(0.707106781186549,-0.707106781186546,0));
#708=DIRECTION('',(-0.9974586998307351,0.07124704998790965,0));
#709=DIRECTION('',(1,-3.336006684570783E-16,0));
#710=FACE_SURFACE('',(#715),#711,.T.);
#711=PLANE('',#712);
#712=AXIS2_PLACEMENT_3D('',#86,#713,#714);
#713=DIRECTION('',(0,0,-1));
#714=DIRECTION('',(-1,0,0));
#715=FACE_BOUND('',#716,.T.);
#716=EDGE_LOOP('',(#717,#718,#719));
#717=ORIENTED_EDGE('',*,*,#720,.T.);
#718=ORIENTED_EDGE('',*,*,#721,.T.);
#719=ORIENTED_EDGE('',*,*,#722,.T.);
#720=EDGE_CURVE('',#87,#91,#723,.F.);
#721=EDGE_CURVE('',#91,#89,#724,.T.);
#722=EDGE_CURVE('',#89,#87,#725,.T.);
#723=LINE('',#86,#726);
#724=LINE('',#90,#727);
#725=LINE('',#88,#728);
#726=VECTOR('',#729,1.0);
#727=VECTOR('',#730,1.0);
#728=VECTOR('',#731,1.0);
#729=DIRECTION('',(-1,0,0));
#730=DIRECTION('',(0.7071067811865475,0.7071067811865475,0));
#731=DIRECTION('',(0.9974586998307351,-0.07124704998790965,0));
#732=FACE_SURFACE('',(#737),#733,.T.);
#733=PLANE('',#734);
#734=AXIS2_PLACEMENT_3D('',#88,#735,#736);
#735=DIRECTION('',(-0,0,-1));
#736=DIRECTION('',(-0.7071067811865475,-0.7071067811865475,0));
#737=FACE_BOUND('',#738,.T.);
#738=EDGE_LOOP('',(#739,#740,#741));
#739=ORIENTED_EDGE('',*,*,#742,.T.);
#740=ORIENTED_EDGE('',*,*,#743,.T.);
#741=ORIENTED_EDGE('',*,*,#744,.T.);
#742=EDGE_CURVE('',#89,#91,#745,.F.);
#743=EDGE_CURVE('',#91,#93,#746,.T.);
#744=EDGE_CURVE('',#93,#89,#747,.T.);
#745=LINE('',#88,#748);
#746=LINE('',#90,#749);
#747=LINE('',#92,#750);
#748=VECTOR('',#751,1.0);
#749=VECTOR('',#752,1.0);
#750=VECTOR('',#753,1.0);
#751=DIRECTION('',(-0.7071067811865475,-0.7071067811865475,0));
#752=DIRECTION('',(0.19611613513818404,0.9805806756909202,0));
#753=DIRECTION('',(0,-1,0));
#754=FACE_SURFACE('',(#759),#755,.T.);
#755=PLANE('',#756);
#756=AXIS2_PLACEMENT_3D('',#90,#757,#758);
#757=DIRECTION('',(0,0,-1));
#758=DIRECTION('',(0,1,0));
#759=FACE_BOUND('',#760,.T.);
#760=EDGE_LOOP('',(#761,#762,#763));
#761=ORIENTED_EDGE('',*,*,#764,.T.);
#762=ORIENTED_EDGE('',*,*,#765,.T.);
#763=ORIENTED_EDGE('',*,*,#766,.T.);
#764=EDGE_CURVE('',#91,#95,#767,.F.);
#765=EDGE_CURVE('',#95,#93,#768,.T.);
#766=EDGE_CURVE('',#93,#91,#769,.T.);
#767=LINE('',#90,#770);
#768=LINE('',#94,#771);
#769=LINE('',#92,#772);
#770=VECTOR('',#773,1.0);
#771=VECTOR('',#774,1.0);
#772=VECTOR('',#775,1.0);
#773=DIRECTION('',(0,1,0));
#774=DIRECTION('',(0.8078831430543622,0.5893427077419426,0));
#775=DIRECTION('',(-0.19611613513818404,-0.9805806756909202,0));
#776=FACE_SURFACE('',(#781),#777,.T.);
#777=PLANE('',#778);
#778=AXIS2_PLACEMENT_3D('',#92,#779,#780);
#779=DIRECTION('',(-0,0,-1));
#780=DIRECTION('',(-0.8078831430543622,-0.5893427077419426,0));
#781=FACE_BOUND('',#782,.T.);
#782=EDGE_LOOP('',(#783,#784,#785));
#783=ORIENTED_EDGE('',*,*,#786,.T.);
#784=ORIENTED_EDGE('',*,*,#787,.T.);
#785=ORIENTED_EDGE('',*,*,#788,.T.);
#786=EDGE_CURVE('',#93,#95,#789,.F.);
#787=EDGE_CURVE('',#95,#97,#790,.T.);
#788=EDGE_CURVE('',#97,#93,#791,.T.);
#789=LINE('',#92,#792);
#790=LINE('',#94,#793);
#791=LINE('',#96,#794);
#792=VECTOR('',#795,1.0);
#793=VECTOR('',#796,1.0);
#794=VECTOR('',#797,1.0);
#795=DIRECTION('',(-0.8078831430543622,-0.5893427077419426,0));
#796=DIRECTION('',(-0.48543410533839937,0.8742732578400804,0));
#797=DIRECTION('',(0.9601907383181277,-0.27934520945970903,0));
#798=FACE_SURFACE('',(#803),#799,.T.);
#799=PLANE('',#800);
#800=AXIS2_PLACEMENT_3D('',#94,#801,#802);
#801=DIRECTION('',(0,0,-1));
#802=DIRECTION('',(-0.9709899597270946,0.23912025867578718,0));
#803=FACE_BOUND('',#804,.T.);
#804=EDGE_LOOP('',(#805,#806,#807));
#805=ORIENTED_EDGE('',*,*,#808,.T.);
#806=ORIENTED_EDGE('',*,*,#809,.T.);
#807=ORIENTED_EDGE('',*,*,#810,.T.);
#808=EDGE_CURVE('',#95,#99,#811,.F.);
#809=EDGE_CURVE('',#99,#97,#812,.T.);
#810=EDGE_CURVE('',#97,#95,#813,.T.);
#811=LINE('',#94,#814);
#812=LINE('',#98,#815);
#813=LINE('',#96,#816);
#814=VECTOR('',#817,1.0);
#815=VECTOR('',#818,1.0);
#816=VECTOR('',#819,1.0);
#817=DIRECTION('',(-0.9709899597270946,0.23912025867578718,0));
#818=DIRECTION('',(0.7647068103549925,0.6443783781263097,0));
#819=DIRECTION('',(0.48543410533839937,-0.8742732578400804,0));
#820=FACE_SURFACE('',(#825),#821,.T.);
#821=PLANE('',#822);
#822=AXIS2_PLACEMENT_3D('',#96,#823,#824);
#823=DIRECTION('',(-0,0,-1));
#824=DIRECTION('',(-0.7647068103549925,-0.6443783781263097,0));
#825=FACE_BOUND('',#826,.T.);
#826=EDGE_LOOP('',(#827,#828,#829));
#827=ORIENTED_EDGE('',*,*,#830,.T.);
#828=ORIENTED_EDGE('',*,*,#831,.T.);
#829=ORIENTED_EDGE('',*,*,#832,.T.);
#830=EDGE_CURVE('',#97,#99,#833,.F.);
#831=EDGE_CURVE('',#99,#101,#834,.T.);
#832=EDGE_CURVE('',#101,#97,#835,.T.);
#833=LINE('',#96,#836);
#834=LINE('',#98,#837);
#835=LINE('',#100,#838);
#836=VECTOR('',#839,1.0);
#837=VECTOR('',#840,1.0);
#838=VECTOR('',#841,1.0);
#839=DIRECTION('',(-0.7647068103549925,-0.6443783781263097,0));
#840=DIRECTION('',(-0.5491639762479547,0.8357146206639776,0));
#841=DIRECTION('',(0.9822411987115428,-0.18762256674960898,0));
#842=FACE_SURFACE('',(#847),#843,.T.);
#843=PLANE('',#844);
#844=AXIS2_PLACEMENT_3D('',#98,#845,#846);
#845=DIRECTION('',(0,0,-1));
#846=DIRECTION('',(-0.9895238335262708,0.1443696051233533,0));
#847=FACE_BOUND('',#848,.T.);
#848=EDGE_LOOP('',(#849,#850,#851));
#849=ORIENTED_EDGE('',*,*,#852,.T.);
#850=ORIENTED_EDGE('',*,*,#853,.T.);
#851=ORIENTED_EDGE('',*,*,#854,.T.);
#852=EDGE_CURVE('',#99,#103,#855,.F.);
#853=EDGE_CURVE('',#103,#101,#856,.T.);
#854=EDGE_CURVE('',#101,#99,#857,.T.);
#855=LINE('',#98,#858);
#856=LINE('',#102,#859);
#857=LINE('',#100,#860);
#858=VECTOR('',#861,1.0);
#859=VECTOR('',#862,1.0);
#860=VECTOR('',#863,1.0);
#861=DIRECTION('',(-0.9895238335262708,0.1443696051233533,0));
#862=DIRECTION('',(0.7171178761551575,0.6969519005632426,0));
#863=DIRECTION('',(0.5491639762479547,-0.8357146206639776,0));
#864=FACE_SURFACE('',(#869),#865,.T.);
#865=PLANE('',#866);
#866=AXIS2_PLACEMENT_3D('',#100,#867,#868);
#867=DIRECTION('',(-0,0,-1));
#868=DIRECTION('',(-0.7171178761551575,-0.6969519005632426,0));
#869=FACE_BOUND('',#870,.T.);
#870=EDGE_LOOP('',(#871,#872,#873));
#871=ORIENTED_EDGE('',*,*,#874,.T.);
#872=ORIENTED_EDGE('',*,*,#875,.T.);
#873=ORIENTED_EDGE('',*,*,#876,.T.);
#874=EDGE_CURVE('',#101,#103,#877,.F.);
#875=EDGE_CURVE('',#103,#105,#878,.T.);
#876=EDGE_CURVE('',#105,#101,#879,.T.);
#877=LINE('',#100,#880);
#878=LINE('',#102,#881);
#879=LINE('',#104,#882);
#880=VECTOR('',#883,1.0);
#881=VECTOR('',#884,1.0);
#882=VECTOR('',#885,1.0);
#883=DIRECTION('',(-0.7171178761551575,-0.6969519005632426,0));
#884=DIRECTION('',(-0.6091735763246104,0.7930369183763667,0));
#885=DIRECTION('',(0.9955503760182838,-0.09423082727989697,0));
#886=FACE_SURFACE('',(#891),#887,.T.);
#887=PLANE('',#888);
#888=AXIS2_PLACEMENT_3D('',#102,#889,#890);
#889=DIRECTION('',(0,0,-1));
#890=DIRECTION('',(-0.9988341741451444,0.048273103896344635,0));
#891=FACE_BOUND('',#892,.T.);
#892=EDGE_LOOP('',(#893,#894,#895));
#893=ORIENTED_EDGE('',*,*,#896,.T.);
#894=ORIENTED_EDGE('',*,*,#897,.T.);
#895=ORIENTED_EDGE('',*,*,#898,.T.);
#896=EDGE_CURVE('',#103,#63,#899,.F.);
#897=EDGE_CURVE('',#63,#105,#900,.T.);
#898=EDGE_CURVE('',#105,#103,#901,.T.);
#899=LINE('',#102,#902);
#900=LINE('',#62,#903);
#901=LINE('',#104,#904);
#902=VECTOR('',#905,1.0);
#903=VECTOR('',#906,1.0);
#904=VECTOR('',#907,1.0);
#905=DIRECTION('',(-0.9988341741451444,0.048273103896344635,0));
#906=DIRECTION('',(0.6652231574286842,0.746644594717334,0));
#907=DIRECTION('',(0.6091735763246104,-0.7930369183763667,0));
#908=FACE_SURFACE('',(#913),#909,.T.);
#909=PLANE('',#910);
#910=AXIS2_PLACEMENT_3D('',#104,#911,#912);
#911=DIRECTION('',(-0,0,-1));
#912=DIRECTION('',(-0.6652231574286842,-0.746644594717334,0));
#913=FACE_BOUND('',#914,.T.);
#914=EDGE_LOOP('',(#915,#916,#917));
#915=ORIENTED_EDGE('',*,*,#918,.T.);
#916=ORIENTED_EDGE('',*,*,#919,.T.);
#917=ORIENTED_EDGE('',*,*,#920,.T.);
#918=EDGE_CURVE('',#105,#63,#921,.F.);
#919=EDGE_CURVE('',#63,#107,#922,.T.);
#920=EDGE_CURVE('',#107,#105,#923,.T.);
#921=LINE('',#104,#924);
#922=LINE('',#62,#925);
#923=LINE('',#106,#926);
#924=VECTOR('',#927,1.0);
#925=VECTOR('',#928,1.0);
#926=VECTOR('',#929,1.0);
#927=DIRECTION('',(-0.6652231574286842,-0.746644594717334,0));
#928=DIRECTION('',(-0.6652231574286874,0.7466445947173311,0));
#929=DIRECTION('',(1,0,0));
#930=FACE_SURFACE('',(#935),#931,.T.);
#931=PLANE('',#932);
#932=AXIS2_PLACEMENT_3D('',#62,#933,#934);
#933=DIRECTION('',(0,0,-1));
#934=DIRECTION('',(-0.9545511325396195,0.2980472032536621,0));
#935=FACE_BOUND('',#936,.T.);
#936=EDGE_LOOP('',(#937,#938,#939));
#937=ORIENTED_EDGE('',*,*,#940,.T.);
#938=ORIENTED_EDGE('',*,*,#941,.T.);
#939=ORIENTED_EDGE('',*,*,#942,.T.);
#940=EDGE_CURVE('',#63,#61,#943,.F.);
#941=EDGE_CURVE('',#61,#107,#944,.T.);
#942=EDGE_CURVE('',#107,#63,#945,.T.);
#943=LINE('',#62,#946);
#944=LINE('',#60,#947);
#945=LINE('',#106,#948);
#946=VECTOR('',#949,1.0);
#947=VECTOR('',#950,1.0);
#948=VECTOR('',#951,1.0);
#949=DIRECTION('',(-0.9545511325396195,0.2980472032536621,0));
#950=DIRECTION('',(0.9955503760182838,0.09423082727989697,0));
#951=DIRECTION('',(0.6652231574286874,-0.7466445947173311,0));
#952=FACE_SURFACE('',(#957),#953,.T.);
#953=PLANE('',#954);
#954=AXIS2_PLACEMENT_3D('',#108,#955,#956);
#955=DIRECTION('',(0,0,1));
#956=DIRECTION('',(-1,0,0));
#957=FACE_BOUND('',#958,.T.);
#958=EDGE_LOOP('',(#959,#960,#961));
#959=ORIENTED_EDGE('',*,*,#962,.T.);
#960=ORIENTED_EDGE('',*,*,#963,.T.);
#961=ORIENTED_EDGE('',*,*,#964,.T.);
#962=EDGE_CURVE('',#109,#111,#965,.F.);
#963=EDGE_CURVE('',#111,#113,#966,.T.);
#964=EDGE_CURVE('',#113,#109,#967,.T.);
#965=LINE('',#108,#968);
#966=LINE('',#110,#969);
#967=LINE('',#112,#970);
#968=VECTOR('',#971,1.0);
#969=VECTOR('',#972,1.0);
#970=VECTOR('',#973,1.0);
#971=DIRECTION('',(-1,0,0));
#972=DIRECTION('',(0.31622776601683794,-0.9486832980505138,0));
#973=DIRECTION('',(0,1,0));
#974=FACE_SURFACE('',(#979),#975,.T.);
#975=PLANE('',#976);
#976=AXIS2_PLACEMENT_3D('',#110,#977,#978);
#977=DIRECTION('',(0,0,1));
#978=DIRECTION('',(0,-1,0));
#979=FACE_BOUND('',#980,.T.);
#980=EDGE_LOOP('',(#981,#982,#983));
#981=ORIENTED_EDGE('',*,*,#984,.T.);
#982=ORIENTED_EDGE('',*,*,#985,.T.);
#983=ORIENTED_EDGE('',*,*,#986,.T.);
#984=EDGE_CURVE('',#111,#115,#987,.F.);
#985=EDGE_CURVE('',#115,#113,#988,.T.);
#986=EDGE_CURVE('',#113,#111,#989,.T.);
#987=LINE('',#110,#990);
#988=LINE('',#114,#991);
#989=LINE('',#112,#992);
#990=VECTOR('',#993,1.0);
#991=VECTOR('',#994,1.0);
#992=VECTOR('',#995,1.0);
#993=DIRECTION('',(0,-1,0));
#994=DIRECTION('',(0.7071067811865459,-0.7071067811865492,0));
#995=DIRECTION('',(-0.31622776601683794,0.9486832980505138,0));
#996=FACE_SURFACE('',(#1001),#997,.T.);
#997=PLANE('',#998);
#998=AXIS2_PLACEMENT_3D('',#112,#999,#1000);
#999=DIRECTION('',(0,0,1));
#1000=DIRECTION('',(-0.7071067811865459,0.7071067811865492,0));
#1001=FACE_BOUND('',#1002,.T.);
#1002=EDGE_LOOP('',(#1003,#1004,#1005));
#1003=ORIENTED_EDGE('',*,*,#1006,.T.);
#1004=ORIENTED_EDGE('',*,*,#1007,.T.);
#1005=ORIENTED_EDGE('',*,*,#1008,.T.);
#1006=EDGE_CURVE('',#113,#115,#1009,.F.);
#1007=EDGE_CURVE('',#115,#117,#1010,.T.);
#1008=EDGE_CURVE('',#117,#113,#1011,.T.);
#1009=LINE('',#112,#1012);
#1010=LINE('',#114,#1013);
#1011=LINE('',#116,#1014);
#1012=VECTOR('',#1015,1.0);
#1013=VECTOR('',#1016,1.0);
#1014=VECTOR('',#1017,1.0);
#1015=DIRECTION('',(-0.7071067811865459,0.7071067811865492,0));
#1016=DIRECTION('',(-0.9958932078831397,-0.09053573047272206,0));
#1017=DIRECTION('',(1,0,0));
#1018=FACE_SURFACE('',(#1023),#1019,.T.);
#1019=PLANE('',#1020);
#1020=AXIS2_PLACEMENT_3D('',#114,#1021,#1022);
#1021=DIRECTION('',(0,0,1));
#1022=DIRECTION('',(-1,-4.770488649037719E-16,0));
#1023=FACE_BOUND('',#1024,.T.);
#1024=EDGE_LOOP('',(#1025,#1026,#1027));
#1025=ORIENTED_EDGE('',*,*,#1028,.T.);
#1026=ORIENTED_EDGE('',*,*,#1029,.T.);
#1027=ORIENTED_EDGE('',*,*,#1030,.T.);
#1028=EDGE_CURVE('',#115,#119,#1031,.F.);
#1029=EDGE_CURVE('',#119,#117,#1032,.T.);
#1030=EDGE_CURVE('',#117,#115,#1033,.T.);
#1031=LINE('',#114,#1034);
#1032=LINE('',#118,#1035);
#1033=LINE('',#116,#1036);
#1034=VECTOR('',#1037,1.0);
#1035=VECTOR('',#1038,1.0);
#1036=VECTOR('',#1039,1.0);
#1037=DIRECTION('',(-1,-4.770488649037719E-16,0));
#1038=DIRECTION('',(-0.7071067811865475,-0.7071067811865475,0));
#1039=DIRECTION('',(0.9958932078831397,0.09053573047272206,0));
#1040=FACE_SURFACE('',(#1045),#1041,.T.);
#1041=PLANE('',#1042);
#1042=AXIS2_PLACEMENT_3D('',#116,#1043,#1044);
#1043=DIRECTION('',(0,0,1));
#1044=DIRECTION('',(0.7071067811865475,0.7071067811865475,0));
#1045=FACE_BOUND('',#1046,.T.);
#1046=EDGE_LOOP('',(#1047,#1048,#1049));
#1047=ORIENTED_EDGE('',*,*,#1050,.T.);
#1048=ORIENTED_EDGE('',*,*,#1051,.T.);
#1049=ORIENTED_EDGE('',*,*,#1052,.T.);
#1050=EDGE_CURVE('',#117,#119,#1053,.F.);
#1051=EDGE_CURVE('',#119,#121,#1054,.T.);
#1052=EDGE_CURVE('',#121,#117,#1055,.T.);
#1053=LINE('',#116,#1056);
#1054=LINE('',#118,#1057);
#1055=LINE('',#120,#1058);
#1056=VECTOR('',#1059,1.0);
#1057=VECTOR('',#1060,1.0);
#1058=VECTOR('',#1061,1.0);
#1059=DIRECTION('',(0.7071067811865475,0.7071067811865475,0));
#1060=DIRECTION('',(-0.31622776601683794,0.9486832980505138,0));
#1061=DIRECTION('',(0,-1,0));
#1062=FACE_SURFACE('',(#1067),#1063,.T.);
#1063=PLANE('',#1064);
#1064=AXIS2_PLACEMENT_3D('',#118,#1065,#1066);
#1065=DIRECTION('',(0,-0,1));
#1066=DIRECTION('',(0,1,0));
#1067=FACE_BOUND('',#1068,.T.);
#1068=EDGE_LOOP('',(#1069,#1070,#1071));
#1069=ORIENTED_EDGE('',*,*,#1072,.T.);
#1070=ORIENTED_EDGE('',*,*,#1073,.T.);
#1071=ORIENTED_EDGE('',*,*,#1074,.T.);
#1072=EDGE_CURVE('',#119,#123,#1075,.F.);
#1073=EDGE_CURVE('',#123,#121,#1076,.T.);
#1074=EDGE_CURVE('',#121,#119,#1077,.T.);
#1075=LINE('',#118,#1078);
#1076=LINE('',#122,#1079);
#1077=LINE('',#120,#1080);
#1078=VECTOR('',#1081,1.0);
#1079=VECTOR('',#1082,1.0);
#1080=VECTOR('',#1083,1.0);
#1081=DIRECTION('',(0,1,0));
#1082=DIRECTION('',(-0.7071067811865475,-0.7071067811865475,0));
#1083=DIRECTION('',(0.31622776601683794,-0.9486832980505138,0));
#1084=FACE_SURFACE('',(#1089),#1085,.T.);
#1085=PLANE('',#1086);
#1086=AXIS2_PLACEMENT_3D('',#120,#1087,#1088);
#1087=DIRECTION('',(0,-0,1));
#1088=DIRECTION('',(0.7071067811865475,0.7071067811865475,0));
#1089=FACE_BOUND('',#1090,.T.);
#1090=EDGE_LOOP('',(#1091,#1092,#1093));
#1091=ORIENTED_EDGE('',*,*,#1094,.T.);
#1092=ORIENTED_EDGE('',*,*,#1095,.T.);
#1093=ORIENTED_EDGE('',*,*,#1096,.T.);
#1094=EDGE_CURVE('',#121,#123,#1097,.F.);
#1095=EDGE_CURVE('',#123,#125,#1098,.T.);
#1096=EDGE_CURVE('',#125,#121,#1099,.T.);
#1097=LINE('',#120,#1100);
#1098=LINE('',#122,#1101);
#1099=LINE('',#124,#1102);
#1100=VECTOR('',#1103,1.0);
#1101=VECTOR('',#1104,1.0);
#1102=VECTOR('',#1105,1.0);
#1103=DIRECTION('',(0.7071067811865475,0.7071067811865475,0));
#1104=DIRECTION('',(-0.9916720710806096,-0.12878859980096954,0));
#1105=DIRECTION('',(1,0,0));
#1106=FACE_SURFACE('',(#1111),#1107,.T.);
#1107=PLANE('',#1108);
#1108=AXIS2_PLACEMENT_3D('',#122,#1109,#1110);
#1109=DIRECTION('',(0,0,1));
#1110=DIRECTION('',(-1,0,0));
#1111=FACE_BOUND('',#1112,.T.);
#1112=EDGE_LOOP('',(#1113,#1114,#1115));
#1113=ORIENTED_EDGE('',*,*,#1116,.T.);
#1114=ORIENTED_EDGE('',*,*,#1117,.T.);
#1115=ORIENTED_EDGE('',*,*,#1118,.T.);
#1116=EDGE_CURVE('',#123,#127,#1119,.F.);
#1117=EDGE_CURVE('',#127,#125,#1120,.T.);
#1118=EDGE_CURVE('',#125,#123,#1121,.T.);
#1119=LINE('',#122,#1122);
#1120=LINE('',#126,#1123);
#1121=LINE('',#124,#1124);
#1122=VECTOR('',#1125,1.0);
#1123=VECTOR('',#1126,1.0);
#1124=VECTOR('',#1127,1.0);
#1125=DIRECTION('',(-1,0,0));
#1126=DIRECTION('',(0.7071067811865475,-0.7071067811865475,0));
#1127=DIRECTION('',(0.9916720710806096,0.12878859980096954,0));
#1128=FACE_SURFACE('',(#1133),#1129,.T.);
#1129=PLANE('',#1130);
#1130=AXIS2_PLACEMENT_3D('',#124,#1131,#1132);
#1131=DIRECTION('',(0,0,1));
#1132=DIRECTION('',(-0.7071067811865475,0.7071067811865475,0));
#1133=FACE_BOUND('',#1134,.T.);
#1134=EDGE_LOOP('',(#1135,#1136,#1137));
#1135=ORIENTED_EDGE('',*,*,#1138,.T.);
#1136=ORIENTED_EDGE('',*,*,#1139,.T.);
#1137=ORIENTED_EDGE('',*,*,#1140,.T.);
#1138=EDGE_CURVE('',#125,#127,#1141,.F.);
#1139=EDGE_CURVE('',#127,#129,#1142,.T.);
#1140=EDGE_CURVE('',#129,#125,#1143,.T.);
#1141=LINE('',#124,#1144);
#1142=LINE('',#126,#1145);
#1143=LINE('',#128,#1146);
#1144=VECTOR('',#1147,1.0);
#1145=VECTOR('',#1148,1.0);
#1146=VECTOR('',#1149,1.0);
#1147=DIRECTION('',(-0.7071067811865475,0.7071067811865475,0));
#1148=DIRECTION('',(0.19611613513818404,-0.9805806756909202,0));
#1149=DIRECTION('',(0,1,0));
#1150=FACE_SURFACE('',(#1155),#1151,.T.);
#1151=PLANE('',#1152);
#1152=AXIS2_PLACEMENT_3D('',#126,#1153,#1154);
#1153=DIRECTION('',(0,0,1));
#1154=DIRECTION('',(0,-1,0));
#1155=FACE_BOUND('',#1156,.T.);
#1156=EDGE_LOOP('',(#1157,#1158,#1159));
#1157=ORIENTED_EDGE('',*,*,#1160,.T.);
#1158=ORIENTED_EDGE('',*,*,#1161,.T.);
#1159=ORIENTED_EDGE('',*,*,#1162,.T.);
#1160=EDGE_CURVE('',#127,#131,#1163,.F.);
#1161=EDGE_CURVE('',#131,#129,#1164,.T.);
#1162=EDGE_CURVE('',#129,#127,#1165,.T.);
#1163=LINE('',#126,#1166);
#1164=LINE('',#130,#1167);
#1165=LINE('',#128,#1168);
#1166=VECTOR('',#1169,1.0);
#1167=VECTOR('',#1170,1.0);
#1168=VECTOR('',#1171,1.0);
#1169=DIRECTION('',(0,-1,0));
#1170=DIRECTION('',(0.707106781186549,-0.707106781186546,0));
#1171=DIRECTION('',(-0.19611613513818404,0.9805806756909202,0));
#1172=FACE_SURFACE('',(#1177),#1173,.T.);
#1173=PLANE('',#1174);
#1174=AXIS2_PLACEMENT_3D('',#128,#1175,#1176);
#1175=DIRECTION('',(0,0,1));
#1176=DIRECTION('',(-0.707106781186549,0.707106781186546,0));
#1177=FACE_BOUND('',#1178,.T.);
#1178=EDGE_LOOP('',(#1179,#1180,#1181));
#1179=ORIENTED_EDGE('',*,*,#1182,.T.);
#1180=ORIENTED_EDGE('',*,*,#1183,.T.);
#1181=ORIENTED_EDGE('',*,*,#1184,.T.);
#1182=EDGE_CURVE('',#129,#131,#1185,.F.);
#1183=EDGE_CURVE('',#131,#133,#1186,.T.);
#1184=EDGE_CURVE('',#133,#129,#1187,.T.);
#1185=LINE('',#128,#1188);
#1186=LINE('',#130,#1189);
#1187=LINE('',#132,#1190);
#1188=VECTOR('',#1191,1.0);
#1189=VECTOR('',#1192,1.0);
#1190=VECTOR('',#1193,1.0);
#1191=DIRECTION('',(-0.707106781186549,0.707106781186546,0));
#1192=DIRECTION('',(-0.9974586998307351,-0.07124704998790934,0));
#1193=DIRECTION('',(1,0,0));
#1194=FACE_SURFACE('',(#1199),#1195,.T.);
#1195=PLANE('',#1196);
#1196=AXIS2_PLACEMENT_3D('',#130,#1197,#1198);
#1197=DIRECTION('',(0,0,1));
#1198=DIRECTION('',(-1,3.336006684570783E-16,0));
#1199=FACE_BOUND('',#1200,.T.);
#1200=EDGE_LOOP('',(#1201,#1202,#1203));
#1201=ORIENTED_EDGE('',*,*,#1204,.T.);
#1202=ORIENTED_EDGE('',*,*,#1205,.T.);
#1203=ORIENTED_EDGE('',*,*,#1206,.T.);
#1204=EDGE_CURVE('',#131,#135,#1207,.F.);
#1205=EDGE_CURVE('',#135,#133,#1208,.T.);
#1206=EDGE_CURVE('',#133,#131,#1209,.T.);
#1207=LINE('',#130,#1210);
#1208=LINE('',#134,#1211);
#1209=LINE('',#132,#1212);
#1210=VECTOR('',#1213,1.0);
#1211=VECTOR('',#1214,1.0);
#1212=VECTOR('',#1215,1.0);
#1213=DIRECTION('',(-1,3.336006684570783E-16,0));
#1214=DIRECTION('',(-0.7071067811865475,-0.7071067811865475,0));
#1215=DIRECTION('',(0.9974586998307351,0.07124704998790934,0));
#1216=FACE_SURFACE('',(#1221),#1217,.T.);
#1217=PLANE('',#1218);
#1218=AXIS2_PLACEMENT_3D('',#132,#1219,#1220);
#1219=DIRECTION('',(0,0,1));
#1220=DIRECTION('',(0.7071067811865475,0.7071067811865475,0));
#1221=FACE_BOUND('',#1222,.T.);
#1222=EDGE_LOOP('',(#1223,#1224,#1225));
#1223=ORIENTED_EDGE('',*,*,#1226,.T.);
#1224=ORIENTED_EDGE('',*,*,#1227,.T.);
#1225=ORIENTED_EDGE('',*,*,#1228,.T.);
#1226=EDGE_CURVE('',#133,#135,#1229,.F.);
#1227=EDGE_CURVE('',#135,#137,#1230,.T.);
#1228=EDGE_CURVE('',#137,#133,#1231,.T.);
#1229=LINE('',#132,#1232);
#1230=LINE('',#134,#1233);
#1231=LINE('',#136,#1234);
#1232=VECTOR('',#1235,1.0);
#1233=VECTOR('',#1236,1.0);
#1234=VECTOR('',#1237,1.0);
#1235=DIRECTION('',(0.7071067811865475,0.7071067811865475,0));
#1236=DIRECTION('',(-0.29239971841454,0.9562961908692817,0));
#1237=DIRECTION('',(0,-1,0));
#1238=FACE_SURFACE('',(#1243),#1239,.T.);
#1239=PLANE('',#1240);
#1240=AXIS2_PLACEMENT_3D('',#134,#1241,#1242);
#1241=DIRECTION('',(0,-0,1));
#1242=DIRECTION('',(0,1,0));
#1243=FACE_BOUND('',#1244,.T.);
#1244=EDGE_LOOP('',(#1245,#1246,#1247));
#1245=ORIENTED_EDGE('',*,*,#1248,.T.);
#1246=ORIENTED_EDGE('',*,*,#1249,.T.);
#1247=ORIENTED_EDGE('',*,*,#1250,.T.);
#1248=EDGE_CURVE('',#135,#139,#1251,.F.);
#1249=EDGE_CURVE('',#139,#137,#1252,.T.);
#1250=EDGE_CURVE('',#137,#135,#1253,.T.);
#1251=LINE('',#134,#1254);
#1252=LINE('',#138,#1255);
#1253=LINE('',#136,#1256);
#1254=VECTOR('',#1257,1.0);
#1255=VECTOR('',#1258,1.0);
#1256=VECTOR('',#1259,1.0);
#1257=DIRECTION('',(0,1,0));
#1258=DIRECTION('',(-0.8078831430543622,-0.5893427077419426,0));
#1259=DIRECTION('',(0.29239971841454,-0.9562961908692817,0));
#1260=FACE_SURFACE('',(#1265),#1261,.T.);
#1261=PLANE('',#1262);
#1262=AXIS2_PLACEMENT_3D('',#136,#1263,#1264);
#1263=DIRECTION('',(0,-0,1));
#1264=DIRECTION('',(0.8078831430543622,0.5893427077419426,0));
#1265=FACE_BOUND('',#1266,.T.);
#1266=EDGE_LOOP('',(#1267,#1268,#1269));
#1267=ORIENTED_EDGE('',*,*,#1270,.T.);
#1268=ORIENTED_EDGE('',*,*,#1271,.T.);
#1269=ORIENTED_EDGE('',*,*,#1272,.T.);
#1270=EDGE_CURVE('',#137,#139,#1273,.F.);
#1271=EDGE_CURVE('',#139,#141,#1274,.T.);
#1272=EDGE_CURVE('',#141,#137,#1275,.T.);
#1273=LINE('',#136,#1276);
#1274=LINE('',#138,#1277);
#1275=LINE('',#140,#1278);
#1276=VECTOR('',#1279,1.0);
#1277=VECTOR('',#1280,1.0);
#1278=VECTOR('',#1281,1.0);
#1279=DIRECTION('',(0.8078831430543622,0.5893427077419426,0));
#1280=DIRECTION('',(-0.9924886093932928,-0.12233707624660592,0));
#1281=DIRECTION('',(0.9709899597270946,-0.23912025867578718,0));
#1282=FACE_SURFACE('',(#1287),#1283,.T.);
#1283=PLANE('',#1284);
#1284=AXIS2_PLACEMENT_3D('',#138,#1285,#1286);
#1285=DIRECTION('',(0,0,1));
#1286=DIRECTION('',(-0.9601907383181277,0.27934520945970903,0));
#1287=FACE_BOUND('',#1288,.T.);
#1288=EDGE_LOOP('',(#1289,#1290,#1291));
#1289=ORIENTED_EDGE('',*,*,#1292,.T.);
#1290=ORIENTED_EDGE('',*,*,#1293,.T.);
#1291=ORIENTED_EDGE('',*,*,#1294,.T.);
#1292=EDGE_CURVE('',#139,#143,#1295,.F.);
#1293=EDGE_CURVE('',#143,#141,#1296,.T.);
#1294=EDGE_CURVE('',#141,#139,#1297,.T.);
#1295=LINE('',#138,#1298);
#1296=LINE('',#142,#1299);
#1297=LINE('',#140,#1300);
#1298=VECTOR('',#1301,1.0);
#1299=VECTOR('',#1302,1.0);
#1300=VECTOR('',#1303,1.0);
#1301=DIRECTION('',(-0.9601907383181277,0.27934520945970903,0));
#1302=DIRECTION('',(-0.7647068103549925,-0.6443783781263097,0));
#1303=DIRECTION('',(0.9924886093932928,0.12233707624660592,0));
#1304=FACE_SURFACE('',(#1309),#1305,.T.);
#1305=PLANE('',#1306);
#1306=AXIS2_PLACEMENT_3D('',#140,#1307,#1308);
#1307=DIRECTION('',(0,-0,1));
#1308=DIRECTION('',(0.7647068103549925,0.6443783781263097,0));
#1309=FACE_BOUND('',#1310,.T.);
#1310=EDGE_LOOP('',(#1311,#1312,#1313));
#1311=ORIENTED_EDGE('',*,*,#1314,.T.);
#1312=ORIENTED_EDGE('',*,*,#1315,.T.);
#1313=ORIENTED_EDGE('',*,*,#1316,.T.);
#1314=EDGE_CURVE('',#141,#143,#1317,.F.);
#1315=EDGE_CURVE('',#143,#145,#1318,.T.);
#1316=EDGE_CURVE('',#145,#141,#1319,.T.);
#1317=LINE('',#140,#1320);
#1318=LINE('',#142,#1321);
#1319=LINE('',#144,#1322);
#1320=VECTOR('',#1323,1.0);
#1321=VECTOR('',#1324,1.0);
#1322=VECTOR('',#1325,1.0);
#1323=DIRECTION('',(0.7647068103549925,0.6443783781263097,0));
#1324=DIRECTION('',(-0.9774918591287364,-0.21097313889935473,0));
#1325=DIRECTION('',(0.9895238335262708,-0.1443696051233533,0));
#1326=FACE_SURFACE('',(#1331),#1327,.T.);
#1327=PLANE('',#1328);
#1328=AXIS2_PLACEMENT_3D('',#142,#1329,#1330);
#1329=DIRECTION('',(0,0,1));
#1330=DIRECTION('',(-0.9822411987115428,0.18762256674960898,0));
#1331=FACE_BOUND('',#1332,.T.);
#1332=EDGE_LOOP('',(#1333,#1334,#1335));
#1333=ORIENTED_EDGE('',*,*,#1336,.T.);
#1334=ORIENTED_EDGE('',*,*,#1337,.T.);
#1335=ORIENTED_EDGE('',*,*,#1338,.T.);
#1336=EDGE_CURVE('',#143,#147,#1339,.F.);
#1337=EDGE_CURVE('',#147,#145,#1340,.T.);
#1338=EDGE_CURVE('',#145,#143,#1341,.T.);
#1339=LINE('',#142,#1342);
#1340=LINE('',#146,#1343);
#1341=LINE('',#144,#1344);
#1342=VECTOR('',#1345,1.0);
#1343=VECTOR('',#1346,1.0);
#1344=VECTOR('',#1347,1.0);
#1345=DIRECTION('',(-0.9822411987115428,0.18762256674960898,0));
#1346=DIRECTION('',(-0.7171178761551575,-0.6969519005632426,0));
#1347=DIRECTION('',(0.9774918591287364,0.21097313889935473,0));
#1348=FACE_SURFACE('',(#1353),#1349,.T.);
#1349=PLANE('',#1350);
#1350=AXIS2_PLACEMENT_3D('',#144,#1351,#1352);
#1351=DIRECTION('',(0,-0,1));
#1352=DIRECTION('',(0.7171178761551575,0.6969519005632426,0));
#1353=FACE_BOUND('',#1354,.T.);
#1354=EDGE_LOOP('',(#1355,#1356,#1357));
#1355=ORIENTED_EDGE('',*,*,#1358,.T.);
#1356=ORIENTED_EDGE('',*,*,#1359,.T.);
#1357=ORIENTED_EDGE('',*,*,#1360,.T.);
#1358=EDGE_CURVE('',#145,#147,#1361,.F.);
#1359=EDGE_CURVE('',#147,#149,#1362,.T.);
#1360=EDGE_CURVE('',#149,#145,#1363,.T.);
#1361=LINE('',#144,#1364);
#1362=LINE('',#146,#1365);
#1363=LINE('',#148,#1366);
#1364=VECTOR('',#1367,1.0);
#1365=VECTOR('',#1368,1.0);
#1366=VECTOR('',#1369,1.0);
#1367=DIRECTION('',(0.7171178761551575,0.6969519005632426,0));
#1368=DIRECTION('',(-0.9545511325396192,-0.2980472032536628,0));
#1369=DIRECTION('',(0.9988341741451444,-0.048273103896344635,0));
#1370=FACE_SURFACE('',(#1375),#1371,.T.);
#1371=PLANE('',#1372);
#1372=AXIS2_PLACEMENT_3D('',#150,#1373,#1374);
#1373=DIRECTION('',(-0,0,1));
#1374=DIRECTION('',(0,-1,0));
#1375=FACE_BOUND('',#1376,.T.);
#1376=EDGE_LOOP('',(#1377,#1378,#1379));
#1377=ORIENTED_EDGE('',*,*,#1380,.T.);
#1378=ORIENTED_EDGE('',*,*,#1381,.T.);
#1379=ORIENTED_EDGE('',*,*,#1382,.T.);
#1380=EDGE_CURVE('',#151,#153,#1383,.F.);
#1381=EDGE_CURVE('',#153,#155,#1384,.T.);
#1382=EDGE_CURVE('',#155,#151,#1385,.T.);
#1383=LINE('',#150,#1386);
#1384=LINE('',#152,#1387);
#1385=LINE('',#154,#1388);
#1386=VECTOR('',#1389,1.0);
#1387=VECTOR('',#1390,1.0);
#1388=VECTOR('',#1391,1.0);
#1389=DIRECTION('',(0,-1,0));
#1390=DIRECTION('',(0.9931506043228762,0.1168412475673972,0));
#1391=DIRECTION('',(-1,0,0));
#1392=FACE_SURFACE('',(#1397),#1393,.T.);
#1393=PLANE('',#1394);
#1394=AXIS2_PLACEMENT_3D('',#152,#1395,#1396);
#1395=DIRECTION('',(0,0,1));
#1396=DIRECTION('',(1,0,0));
#1397=FACE_BOUND('',#1398,.T.);
#1398=EDGE_LOOP('',(#1399,#1400,#1401));
#1399=ORIENTED_EDGE('',*,*,#1402,.T.);
#1400=ORIENTED_EDGE('',*,*,#1403,.T.);
#1401=ORIENTED_EDGE('',*,*,#1404,.T.);
#1402=EDGE_CURVE('',#153,#157,#1405,.F.);
#1403=EDGE_CURVE('',#157,#155,#1406,.T.);
#1404=EDGE_CURVE('',#155,#153,#1407,.T.);
#1405=LINE('',#152,#1408);
#1406=LINE('',#156,#1409);
#1407=LINE('',#154,#1410);
#1408=VECTOR('',#1411,1.0);
#1409=VECTOR('',#1412,1.0);
#1410=VECTOR('',#1413,1.0);
#1411=DIRECTION('',(1,0,0));
#1412=DIRECTION('',(0.7071067811865475,0.7071067811865475,0));
#1413=DIRECTION('',(-0.9931506043228762,-0.1168412475673972,0));
#1414=FACE_SURFACE('',(#1419),#1415,.T.);
#1415=PLANE('',#1416);
#1416=AXIS2_PLACEMENT_3D('',#154,#1417,#1418);
#1417=DIRECTION('',(0,0,1));
#1418=DIRECTION('',(-0.7071067811865475,-0.7071067811865475,0));
#1419=FACE_BOUND('',#1420,.T.);
#1420=EDGE_LOOP('',(#1421,#1422,#1423));
#1421=ORIENTED_EDGE('',*,*,#1424,.T.);
#1422=ORIENTED_EDGE('',*,*,#1425,.T.);
#1423=ORIENTED_EDGE('',*,*,#1426,.T.);
#1424=EDGE_CURVE('',#155,#157,#1427,.F.);
#1425=EDGE_CURVE('',#157,#159,#1428,.T.);
#1426=EDGE_CURVE('',#159,#155,#1429,.T.);
#1427=LINE('',#154,#1430);
#1428=LINE('',#156,#1431);
#1429=LINE('',#158,#1432);
#1430=VECTOR('',#1433,1.0);
#1431=VECTOR('',#1434,1.0);
#1432=VECTOR('',#1435,1.0);
#1433=DIRECTION('',(-0.7071067811865475,-0.7071067811865475,0));
#1434=DIRECTION('',(0.31622776601683794,-0.9486832980505138,0));
#1435=DIRECTION('',(0,1,0));
#1436=FACE_SURFACE('',(#1441),#1437,.T.);
#1437=PLANE('',#1438);
#1438=AXIS2_PLACEMENT_3D('',#156,#1439,#1440);
#1439=DIRECTION('',(0,0,1));
#1440=DIRECTION('',(0,-1,0));
#1441=FACE_BOUND('',#1442,.T.);
#1442=EDGE_LOOP('',(#1443,#1444,#1445));
#1443=ORIENTED_EDGE('',*,*,#1446,.T.);
#1444=ORIENTED_EDGE('',*,*,#1447,.T.);
#1445=ORIENTED_EDGE('',*,*,#1448,.T.);
#1446=EDGE_CURVE('',#157,#161,#1449,.F.);
#1447=EDGE_CURVE('',#161,#159,#1450,.T.);
#1448=EDGE_CURVE('',#159,#157,#1451,.T.);
#1449=LINE('',#156,#1452);
#1450=LINE('',#160,#1453);
#1451=LINE('',#158,#1454);
#1452=VECTOR('',#1455,1.0);
#1453=VECTOR('',#1456,1.0);
#1454=VECTOR('',#1457,1.0);
#1455=DIRECTION('',(0,-1,0));
#1456=DIRECTION('',(0.7071067811865475,0.7071067811865475,0));
#1457=DIRECTION('',(-0.31622776601683794,0.9486832980505138,0));
#1458=FACE_SURFACE('',(#1463),#1459,.T.);
#1459=PLANE('',#1460);
#1460=AXIS2_PLACEMENT_3D('',#158,#1461,#1462);
#1461=DIRECTION('',(0,0,1));
#1462=DIRECTION('',(-0.7071067811865475,-0.7071067811865475,0));
#1463=FACE_BOUND('',#1464,.T.);
#1464=EDGE_LOOP('',(#1465,#1466,#1467));
#1465=ORIENTED_EDGE('',*,*,#1468,.T.);
#1466=ORIENTED_EDGE('',*,*,#1469,.T.);
#1467=ORIENTED_EDGE('',*,*,#1470,.T.);
#1468=EDGE_CURVE('',#159,#161,#1471,.F.);
#1469=EDGE_CURVE('',#161,#163,#1472,.T.);
#1470=EDGE_CURVE('',#163,#159,#1473,.T.);
#1471=LINE('',#158,#1474);
#1472=LINE('',#160,#1475);
#1473=LINE('',#162,#1476);
#1474=VECTOR('',#1477,1.0);
#1475=VECTOR('',#1478,1.0);
#1476=VECTOR('',#1479,1.0);
#1477=DIRECTION('',(-0.7071067811865475,-0.7071067811865475,0));
#1478=DIRECTION('',(0.9974586998307351,0.07124704998790915,0));
#1479=DIRECTION('',(-1,5.337610695313252E-16,0));
#1480=FACE_SURFACE('',(#1485),#1481,.T.);
#1481=PLANE('',#1482);
#1482=AXIS2_PLACEMENT_3D('',#160,#1483,#1484);
#1483=DIRECTION('',(0,0,1));
#1484=DIRECTION('',(1,0,0));
#1485=FACE_BOUND('',#1486,.T.);
#1486=EDGE_LOOP('',(#1487,#1488,#1489));
#1487=ORIENTED_EDGE('',*,*,#1490,.T.);
#1488=ORIENTED_EDGE('',*,*,#1491,.T.);
#1489=ORIENTED_EDGE('',*,*,#1492,.T.);
#1490=EDGE_CURVE('',#161,#165,#1493,.F.);
#1491=EDGE_CURVE('',#165,#163,#1494,.T.);
#1492=EDGE_CURVE('',#163,#161,#1495,.T.);
#1493=LINE('',#160,#1496);
#1494=LINE('',#164,#1497);
#1495=LINE('',#162,#1498);
#1496=VECTOR('',#1499,1.0);
#1497=VECTOR('',#1500,1.0);
#1498=VECTOR('',#1501,1.0);
#1499=DIRECTION('',(1,0,0));
#1500=DIRECTION('',(-0.7071067811865499,0.707106781186545,0));
#1501=DIRECTION('',(-0.9974586998307351,-0.07124704998790915,0));
#1502=FACE_SURFACE('',(#1507),#1503,.T.);
#1503=PLANE('',#1504);
#1504=AXIS2_PLACEMENT_3D('',#162,#1505,#1506);
#1505=DIRECTION('',(-0,0,1));
#1506=DIRECTION('',(0.7071067811865499,-0.707106781186545,0));
#1507=FACE_BOUND('',#1508,.T.);
#1508=EDGE_LOOP('',(#1509,#1510,#1511));
#1509=ORIENTED_EDGE('',*,*,#1512,.T.);
#1510=ORIENTED_EDGE('',*,*,#1513,.T.);
#1511=ORIENTED_EDGE('',*,*,#1514,.T.);
#1512=EDGE_CURVE('',#163,#165,#1515,.F.);
#1513=EDGE_CURVE('',#165,#167,#1516,.T.);
#1514=EDGE_CURVE('',#167,#163,#1517,.T.);
#1515=LINE('',#162,#1518);
#1516=LINE('',#164,#1519);
#1517=LINE('',#166,#1520);
#1518=VECTOR('',#1521,1.0);
#1519=VECTOR('',#1522,1.0);
#1520=VECTOR('',#1523,1.0);
#1521=DIRECTION('',(0.7071067811865499,-0.707106781186545,0));
#1522=DIRECTION('',(-0.19611613513818404,0.9805806756909202,0));
#1523=DIRECTION('',(0,-1,0));
#1524=FACE_SURFACE('',(#1529),#1525,.T.);
#1525=PLANE('',#1526);
#1526=AXIS2_PLACEMENT_3D('',#164,#1527,#1528);
#1527=DIRECTION('',(0,-0,1));
#1528=DIRECTION('',(0,1,0));
#1529=FACE_BOUND('',#1530,.T.);
#1530=EDGE_LOOP('',(#1531,#1532,#1533));
#1531=ORIENTED_EDGE('',*,*,#1534,.T.);
#1532=ORIENTED_EDGE('',*,*,#1535,.T.);
#1533=ORIENTED_EDGE('',*,*,#1536,.T.);
#1534=EDGE_CURVE('',#165,#169,#1537,.F.);
#1535=EDGE_CURVE('',#169,#167,#1538,.T.);
#1536=EDGE_CURVE('',#167,#165,#1539,.T.);
#1537=LINE('',#164,#1540);
#1538=LINE('',#168,#1541);
#1539=LINE('',#166,#1542);
#1540=VECTOR('',#1543,1.0);
#1541=VECTOR('',#1544,1.0);
#1542=VECTOR('',#1545,1.0);
#1543=DIRECTION('',(0,1,0));
#1544=DIRECTION('',(-0.8078831430543622,0.5893427077419426,0));
#1545=DIRECTION('',(0.19611613513818404,-0.9805806756909202,0));
#1546=FACE_SURFACE('',(#1551),#1547,.T.);
#1547=PLANE('',#1548);
#1548=AXIS2_PLACEMENT_3D('',#166,#1549,#1550);
#1549=DIRECTION('',(-0,0,1));
#1550=DIRECTION('',(0.8078831430543622,-0.5893427077419426,0));
#1551=FACE_BOUND('',#1552,.T.);
#1552=EDGE_LOOP('',(#1553,#1554,#1555));
#1553=ORIENTED_EDGE('',*,*,#1556,.T.);
#1554=ORIENTED_EDGE('',*,*,#1557,.T.);
#1555=ORIENTED_EDGE('',*,*,#1558,.T.);
#1556=EDGE_CURVE('',#167,#169,#1559,.F.);
#1557=EDGE_CURVE('',#169,#171,#1560,.T.);
#1558=EDGE_CURVE('',#171,#167,#1561,.T.);
#1559=LINE('',#166,#1562);
#1560=LINE('',#168,#1563);
#1561=LINE('',#170,#1564);
#1562=VECTOR('',#1565,1.0);
#1563=VECTOR('',#1566,1.0);
#1564=VECTOR('',#1567,1.0);
#1565=DIRECTION('',(0.8078831430543622,-0.5893427077419426,0));
#1566=DIRECTION('',(0.48543410533839937,0.8742732578400804,0));
#1567=DIRECTION('',(-0.9601907383181277,-0.27934520945970903,0));
#1568=FACE_SURFACE('',(#1573),#1569,.T.);
#1569=PLANE('',#1570);
#1570=AXIS2_PLACEMENT_3D('',#168,#1571,#1572);
#1571=DIRECTION('',(0,0,1));
#1572=DIRECTION('',(0.9709899597270946,0.23912025867578718,0));
#1573=FACE_BOUND('',#1574,.T.);
#1574=EDGE_LOOP('',(#1575,#1576,#1577));
#1575=ORIENTED_EDGE('',*,*,#1578,.T.);
#1576=ORIENTED_EDGE('',*,*,#1579,.T.);
#1577=ORIENTED_EDGE('',*,*,#1580,.T.);
#1578=EDGE_CURVE('',#169,#173,#1581,.F.);
#1579=EDGE_CURVE('',#173,#171,#1582,.T.);
#1580=EDGE_CURVE('',#171,#169,#1583,.T.);
#1581=LINE('',#168,#1584);
#1582=LINE('',#172,#1585);
#1583=LINE('',#170,#1586);
#1584=VECTOR('',#1587,1.0);
#1585=VECTOR('',#1588,1.0);
#1586=VECTOR('',#1589,1.0);
#1587=DIRECTION('',(0.9709899597270946,0.23912025867578718,0));
#1588=DIRECTION('',(-0.7647068103549925,0.6443783781263097,0));
#1589=DIRECTION('',(-0.48543410533839937,-0.8742732578400804,0));
#1590=FACE_SURFACE('',(#1595),#1591,.T.);
#1591=PLANE('',#1592);
#1592=AXIS2_PLACEMENT_3D('',#170,#1593,#1594);
#1593=DIRECTION('',(-0,0,1));
#1594=DIRECTION('',(0.7647068103549925,-0.6443783781263097,0));
#1595=FACE_BOUND('',#1596,.T.);
#1596=EDGE_LOOP('',(#1597,#1598,#1599));
#1597=ORIENTED_EDGE('',*,*,#1600,.T.);
#1598=ORIENTED_EDGE('',*,*,#1601,.T.);
#1599=ORIENTED_EDGE('',*,*,#1602,.T.);
#1600=EDGE_CURVE('',#171,#173,#1603,.F.);
#1601=EDGE_CURVE('',#173,#175,#1604,.T.);
#1602=EDGE_CURVE('',#175,#171,#1605,.T.);
#1603=LINE('',#170,#1606);
#1604=LINE('',#172,#1607);
#1605=LINE('',#174,#1608);
#1606=VECTOR('',#1609,1.0);
#1607=VECTOR('',#1610,1.0);
#1608=VECTOR('',#1611,1.0);
#1609=DIRECTION('',(0.7647068103549925,-0.6443783781263097,0));
#1610=DIRECTION('',(0.5491639762479547,0.8357146206639776,0));
#1611=DIRECTION('',(-0.9822411987115428,-0.18762256674960898,0));
#1612=FACE_SURFACE('',(#1617),#1613,.T.);
#1613=PLANE('',#1614);
#1614=AXIS2_PLACEMENT_3D('',#172,#1615,#1616);
#1615=DIRECTION('',(0,0,1));
#1616=DIRECTION('',(0.9895238335262708,0.1443696051233533,0));
#1617=FACE_BOUND('',#1618,.T.);
#1618=EDGE_LOOP('',(#1619,#1620,#1621));
#1619=ORIENTED_EDGE('',*,*,#1622,.T.);
#1620=ORIENTED_EDGE('',*,*,#1623,.T.);
#1621=ORIENTED_EDGE('',*,*,#1624,.T.);
#1622=EDGE_CURVE('',#173,#177,#1625,.F.);
#1623=EDGE_CURVE('',#177,#175,#1626,.T.);
#1624=EDGE_CURVE('',#175,#173,#1627,.T.);
#1625=LINE('',#172,#1628);
#1626=LINE('',#176,#1629);
#1627=LINE('',#174,#1630);
#1628=VECTOR('',#1631,1.0);
#1629=VECTOR('',#1632,1.0);
#1630=VECTOR('',#1633,1.0);
#1631=DIRECTION('',(0.9895238335262708,0.1443696051233533,0));
#1632=DIRECTION('',(-0.7171178761551575,0.6969519005632426,0));
#1633=DIRECTION('',(-0.5491639762479547,-0.8357146206639776,0));
#1634=FACE_SURFACE('',(#1639),#1635,.T.);
#1635=PLANE('',#1636);
#1636=AXIS2_PLACEMENT_3D('',#174,#1637,#1638);
#1637=DIRECTION('',(-0,0,1));
#1638=DIRECTION('',(0.7171178761551575,-0.6969519005632426,0));
#1639=FACE_BOUND('',#1640,.T.);
#1640=EDGE_LOOP('',(#1641,#1642,#1643));
#1641=ORIENTED_EDGE('',*,*,#1644,.T.);
#1642=ORIENTED_EDGE('',*,*,#1645,.T.);
#1643=ORIENTED_EDGE('',*,*,#1646,.T.);
#1644=EDGE_CURVE('',#175,#177,#1647,.F.);
#1645=EDGE_CURVE('',#177,#179,#1648,.T.);
#1646=EDGE_CURVE('',#179,#175,#1649,.T.);
#1647=LINE('',#174,#1650);
#1648=LINE('',#176,#1651);
#1649=LINE('',#178,#1652);
#1650=VECTOR('',#1653,1.0);
#1651=VECTOR('',#1654,1.0);
#1652=VECTOR('',#1655,1.0);
#1653=DIRECTION('',(0.7171178761551575,-0.6969519005632426,0));
#1654=DIRECTION('',(0.6091735763246104,0.7930369183763667,0));
#1655=DIRECTION('',(-0.9955503760182838,-0.09423082727989697,0));
#1656=FACE_SURFACE('',(#1661),#1657,.T.);
#1657=PLANE('',#1658);
#1658=AXIS2_PLACEMENT_3D('',#176,#1659,#1660);
#1659=DIRECTION('',(0,0,1));
#1660=DIRECTION('',(0.9988341741451444,0.04827310389634442,0));
#1661=FACE_BOUND('',#1662,.T.);
#1662=EDGE_LOOP('',(#1663,#1664,#1665));
#1663=ORIENTED_EDGE('',*,*,#1666,.T.);
#1664=ORIENTED_EDGE('',*,*,#1667,.T.);
#1665=ORIENTED_EDGE('',*,*,#1668,.T.);
#1666=EDGE_CURVE('',#177,#149,#1669,.F.);
#1667=EDGE_CURVE('',#149,#179,#1670,.T.);
#1668=EDGE_CURVE('',#179,#177,#1671,.T.);
#1669=LINE('',#176,#1672);
#1670=LINE('',#148,#1673);
#1671=LINE('',#178,#1674);
#1672=VECTOR('',#1675,1.0);
#1673=VECTOR('',#1676,1.0);
#1674=VECTOR('',#1677,1.0);
#1675=DIRECTION('',(0.9988341741451444,0.04827310389634442,0));
#1676=DIRECTION('',(-0.6652231574286874,0.7466445947173311,0));
#1677=DIRECTION('',(-0.6091735763246104,-0.7930369183763667,0));
#1678=FACE_SURFACE('',(#1683),#1679,.T.);
#1679=PLANE('',#1680);
#1680=AXIS2_PLACEMENT_3D('',#178,#1681,#1682);
#1681=DIRECTION('',(-0,0,1));
#1682=DIRECTION('',(0.6652231574286874,-0.7466445947173311,0));
#1683=FACE_BOUND('',#1684,.T.);
#1684=EDGE_LOOP('',(#1685,#1686,#1687));
#1685=ORIENTED_EDGE('',*,*,#1688,.T.);
#1686=ORIENTED_EDGE('',*,*,#1689,.T.);
#1687=ORIENTED_EDGE('',*,*,#1690,.T.);
#1688=EDGE_CURVE('',#179,#149,#1691,.F.);
#1689=EDGE_CURVE('',#149,#181,#1692,.T.);
#1690=EDGE_CURVE('',#181,#179,#1693,.T.);
#1691=LINE('',#178,#1694);
#1692=LINE('',#148,#1695);
#1693=LINE('',#180,#1696);
#1694=VECTOR('',#1697,1.0);
#1695=VECTOR('',#1698,1.0);
#1696=VECTOR('',#1699,1.0);
#1697=DIRECTION('',(0.6652231574286874,-0.7466445947173311,0));
#1698=DIRECTION('',(0.6652231574286842,0.746644594717334,0));
#1699=DIRECTION('',(-1,0,0));
#1700=FACE_SURFACE('',(#1705),#1701,.T.);
#1701=PLANE('',#1702);
#1702=AXIS2_PLACEMENT_3D('',#148,#1703,#1704);
#1703=DIRECTION('',(0,0,1));
#1704=DIRECTION('',(0.9545511325396192,0.2980472032536628,0));
#1705=FACE_BOUND('',#1706,.T.);
#1706=EDGE_LOOP('',(#1707,#1708,#1709));
#1707=ORIENTED_EDGE('',*,*,#1710,.T.);
#1708=ORIENTED_EDGE('',*,*,#1711,.T.);
#1709=ORIENTED_EDGE('',*,*,#1712,.T.);
#1710=EDGE_CURVE('',#149,#147,#1713,.F.);
#1711=EDGE_CURVE('',#147,#181,#1714,.T.);
#1712=EDGE_CURVE('',#181,#149,#1715,.T.);
#1713=LINE('',#148,#1716);
#1714=LINE('',#146,#1717);
#1715=LINE('',#180,#1718);
#1716=VECTOR('',#1719,1.0);
#1717=VECTOR('',#1720,1.0);
#1718=VECTOR('',#1721,1.0);
#1719=DIRECTION('',(0.9545511325396192,0.2980472032536628,0));
#1720=DIRECTION('',(-0.9955503760182838,0.09423082727989697,0));
#1721=DIRECTION('',(-0.6652231574286842,-0.746644594717334,0));
#1722=FACE_SURFACE('',(#1727),#1723,.T.);
#1723=PLANE('',#1724);
#1724=AXIS2_PLACEMENT_3D('',#124,#1725,#1726);
#1725=DIRECTION('',(1,0,0));
#1726=DIRECTION('',(0,-1,0));
#1727=FACE_BOUND('',#1728,.T.);
#1728=EDGE_LOOP('',(#1729,#1730,#1731));
#1729=ORIENTED_EDGE('',*,*,#1732,.T.);
#1730=ORIENTED_EDGE('',*,*,#1733,.T.);
#1731=ORIENTED_EDGE('',*,*,#1734,.T.);
#1732=EDGE_CURVE('',#125,#129,#1735,.F.);
#1733=EDGE_CURVE('',#129,#83,#1736,.T.);
#1734=EDGE_CURVE('',#83,#125,#1737,.T.);
#1735=LINE('',#124,#1738);
#1736=LINE('',#128,#1739);
#1737=LINE('',#82,#1740);
#1738=VECTOR('',#1741,1.0);
#1739=VECTOR('',#1742,1.0);
#1740=VECTOR('',#1743,1.0);
#1741=DIRECTION('',(0,-1,0));
#1742=DIRECTION('',(0,0.38461537159297743,-0.923076928502926));
#1743=DIRECTION('',(0,0,1));
#1744=FACE_SURFACE('',(#1749),#1745,.T.);
#1745=PLANE('',#1746);
#1746=AXIS2_PLACEMENT_3D('',#128,#1747,#1748);
#1747=DIRECTION('',(1,0,0));
#1748=DIRECTION('',(0,0,-1));
#1749=FACE_BOUND('',#1750,.T.);
#1750=EDGE_LOOP('',(#1751,#1752,#1753));
#1751=ORIENTED_EDGE('',*,*,#1754,.T.);
#1752=ORIENTED_EDGE('',*,*,#1755,.T.);
#1753=ORIENTED_EDGE('',*,*,#1756,.T.);
#1754=EDGE_CURVE('',#129,#87,#1757,.F.);
#1755=EDGE_CURVE('',#87,#83,#1758,.T.);
#1756=EDGE_CURVE('',#83,#129,#1759,.T.);
#1757=LINE('',#128,#1760);
#1758=LINE('',#86,#1761);
#1759=LINE('',#82,#1762);
#1760=VECTOR('',#1763,1.0);
#1761=VECTOR('',#1764,1.0);
#1762=VECTOR('',#1765,1.0);
#1763=DIRECTION('',(0,0,-1));
#1764=DIRECTION('',(0,1,0));
#1765=DIRECTION('',(0,-0.38461537159297743,0.923076928502926));
#1766=FACE_SURFACE('',(#1771),#1767,.T.);
#1767=PLANE('',#1768);
#1768=AXIS2_PLACEMENT_3D('',#128,#1769,#1770);
#1769=DIRECTION('',(-0,-1,-0));
#1770=DIRECTION('',(-1,0,0));
#1771=FACE_BOUND('',#1772,.T.);
#1772=EDGE_LOOP('',(#1773,#1774,#1775));
#1773=ORIENTED_EDGE('',*,*,#1776,.T.);
#1774=ORIENTED_EDGE('',*,*,#1777,.T.);
#1775=ORIENTED_EDGE('',*,*,#1778,.T.);
#1776=EDGE_CURVE('',#129,#133,#1779,.F.);
#1777=EDGE_CURVE('',#133,#87,#1780,.T.);
#1778=EDGE_CURVE('',#87,#129,#1781,.T.);
#1779=LINE('',#128,#1782);
#1780=LINE('',#132,#1783);
#1781=LINE('',#86,#1784);
#1782=VECTOR('',#1785,1.0);
#1783=VECTOR('',#1786,1.0);
#1784=VECTOR('',#1787,1.0);
#1785=DIRECTION('',(-1,0,0));
#1786=DIRECTION('',(0.8422713909361677,0,-0.5390537116192164));
#1787=DIRECTION('',(0,0,1));
#1788=FACE_SURFACE('',(#1793),#1789,.T.);
#1789=PLANE('',#1790);
#1790=AXIS2_PLACEMENT_3D('',#132,#1791,#1792);
#1791=DIRECTION('',(0,-1,0));
#1792=DIRECTION('',(0,0,-1));
#1793=FACE_BOUND('',#1794,.T.);
#1794=EDGE_LOOP('',(#1795,#1796,#1797));
#1795=ORIENTED_EDGE('',*,*,#1798,.T.);
#1796=ORIENTED_EDGE('',*,*,#1799,.T.);
#1797=ORIENTED_EDGE('',*,*,#1800,.T.);
#1798=EDGE_CURVE('',#133,#91,#1801,.F.);
#1799=EDGE_CURVE('',#91,#87,#1802,.T.);
#1800=EDGE_CURVE('',#87,#133,#1803,.T.);
#1801=LINE('',#132,#1804);
#1802=LINE('',#90,#1805);
#1803=LINE('',#86,#1806);
#1804=VECTOR('',#1807,1.0);
#1805=VECTOR('',#1808,1.0);
#1806=VECTOR('',#1809,1.0);
#1807=DIRECTION('',(0,0,-1));
#1808=DIRECTION('',(1,0,0));
#1809=DIRECTION('',(-0.8422713909361677,0,0.5390537116192164));
#1810=FACE_SURFACE('',(#1815),#1811,.T.);
#1811=PLANE('',#1812);
#1812=AXIS2_PLACEMENT_3D('',#132,#1813,#1814);
#1813=DIRECTION('',(-1,0,0));
#1814=DIRECTION('',(0,1,0));
#1815=FACE_BOUND('',#1816,.T.);
#1816=EDGE_LOOP('',(#1817,#1818,#1819));
#1817=ORIENTED_EDGE('',*,*,#1820,.T.);
#1818=ORIENTED_EDGE('',*,*,#1821,.T.);
#1819=ORIENTED_EDGE('',*,*,#1822,.T.);
#1820=EDGE_CURVE('',#133,#137,#1823,.F.);
#1821=EDGE_CURVE('',#137,#91,#1824,.T.);
#1822=EDGE_CURVE('',#91,#133,#1825,.T.);
#1823=LINE('',#132,#1826);
#1824=LINE('',#136,#1827);
#1825=LINE('',#90,#1828);
#1826=VECTOR('',#1829,1.0);
#1827=VECTOR('',#1830,1.0);
#1828=VECTOR('',#1831,1.0);
#1829=DIRECTION('',(0,1,0));
#1830=DIRECTION('',(0,-0.40644387802125886,-0.9136757488403859));
#1831=DIRECTION('',(0,0,1));
#1832=FACE_SURFACE('',(#1837),#1833,.T.);
#1833=PLANE('',#1834);
#1834=AXIS2_PLACEMENT_3D('',#136,#1835,#1836);
#1835=DIRECTION('',(-1,0,-0));
#1836=DIRECTION('',(0,0,-1));
#1837=FACE_BOUND('',#1838,.T.);
#1838=EDGE_LOOP('',(#1839,#1840,#1841));
#1839=ORIENTED_EDGE('',*,*,#1842,.T.);
#1840=ORIENTED_EDGE('',*,*,#1843,.T.);
#1841=ORIENTED_EDGE('',*,*,#1844,.T.);
#1842=EDGE_CURVE('',#137,#95,#1845,.F.);
#1843=EDGE_CURVE('',#95,#91,#1846,.T.);
#1844=EDGE_CURVE('',#91,#137,#1847,.T.);
#1845=LINE('',#136,#1848);
#1846=LINE('',#94,#1849);
#1847=LINE('',#90,#1850);
#1848=VECTOR('',#1851,1.0);
#1849=VECTOR('',#1852,1.0);
#1850=VECTOR('',#1853,1.0);
#1851=DIRECTION('',(0,0,-1));
#1852=DIRECTION('',(0,-1,0));
#1853=DIRECTION('',(0,0.40644387802125886,0.9136757488403859));
#1854=FACE_SURFACE('',(#1859),#1855,.T.);
#1855=PLANE('',#1856);
#1856=AXIS2_PLACEMENT_3D('',#168,#1857,#1858);
#1857=DIRECTION('',(0.23912025867578718,-0.9709899597270946,0));
#1858=DIRECTION('',(0,0,-1));
#1859=FACE_BOUND('',#1860,.T.);
#1860=EDGE_LOOP('',(#1861,#1862,#1863));
#1861=ORIENTED_EDGE('',*,*,#1864,.T.);
#1862=ORIENTED_EDGE('',*,*,#1865,.T.);
#1863=ORIENTED_EDGE('',*,*,#1866,.T.);
#1864=EDGE_CURVE('',#169,#51,#1867,.F.);
#1865=EDGE_CURVE('',#51,#173,#1868,.T.);
#1866=EDGE_CURVE('',#173,#169,#1869,.T.);
#1867=LINE('',#168,#1870);
#1868=LINE('',#50,#1871);
#1869=LINE('',#172,#1872);
#1870=VECTOR('',#1873,1.0);
#1871=VECTOR('',#1874,1.0);
#1872=VECTOR('',#1875,1.0);
#1873=DIRECTION('',(0,0,-1));
#1874=DIRECTION('',(0.16830364416264432,0.041447195746040784,0.984863449076248));
#1875=DIRECTION('',(-0.9709899597270946,-0.23912025867578718,0));
#1876=FACE_SURFACE('',(#1881),#1877,.T.);
#1877=PLANE('',#1878);
#1878=AXIS2_PLACEMENT_3D('',#50,#1879,#1880);
#1879=DIRECTION('',(0.23912025867578718,-0.9709899597270946,0));
#1880=DIRECTION('',(0.9709899597270946,0.23912025867578718,0));
#1881=FACE_BOUND('',#1882,.T.);
#1882=EDGE_LOOP('',(#1883,#1884,#1885));
#1883=ORIENTED_EDGE('',*,*,#1886,.T.);
#1884=ORIENTED_EDGE('',*,*,#1887,.T.);
#1885=ORIENTED_EDGE('',*,*,#1888,.T.);
#1886=EDGE_CURVE('',#51,#55,#1889,.F.);
#1887=EDGE_CURVE('',#55,#173,#1890,.T.);
#1888=EDGE_CURVE('',#173,#51,#1891,.T.);
#1889=LINE('',#50,#1892);
#1890=LINE('',#54,#1893);
#1891=LINE('',#172,#1894);
#1892=VECTOR('',#1895,1.0);
#1893=VECTOR('',#1896,1.0);
#1894=VECTOR('',#1897,1.0);
#1895=DIRECTION('',(0.9709899597270946,0.23912025867578718,0));
#1896=DIRECTION('',(0,0,1));
#1897=DIRECTION('',(-0.16830364416264432,-0.041447195746040784,-0.984863449076248));
#1898=FACE_SURFACE('',(#1903),#1899,.T.);
#1899=PLANE('',#1900);
#1900=AXIS2_PLACEMENT_3D('',#172,#1901,#1902);
#1901=DIRECTION('',(0.1443696051233533,-0.9895238335262708,0));
#1902=DIRECTION('',(0,0,-1));
#1903=FACE_BOUND('',#1904,.T.);
#1904=EDGE_LOOP('',(#1905,#1906,#1907));
#1905=ORIENTED_EDGE('',*,*,#1908,.T.);
#1906=ORIENTED_EDGE('',*,*,#1909,.T.);
#1907=ORIENTED_EDGE('',*,*,#1910,.T.);
#1908=EDGE_CURVE('',#173,#55,#1911,.F.);
#1909=EDGE_CURVE('',#55,#177,#1912,.T.);
#1910=EDGE_CURVE('',#177,#173,#1913,.T.);
#1911=LINE('',#172,#1914);
#1912=LINE('',#54,#1915);
#1913=LINE('',#176,#1916);
#1914=VECTOR('',#1917,1.0);
#1915=VECTOR('',#1918,1.0);
#1916=VECTOR('',#1919,1.0);
#1917=DIRECTION('',(0,0,-1));
#1918=DIRECTION('',(0.17151612367474894,0.025023869267474637,0.9848634551482112));
#1919=DIRECTION('',(-0.9895238335262708,-0.1443696051233533,0));
#1920=FACE_SURFACE('',(#1925),#1921,.T.);
#1921=PLANE('',#1922);
#1922=AXIS2_PLACEMENT_3D('',#54,#1923,#1924);
#1923=DIRECTION('',(0.1443696051233533,-0.9895238335262708,0));
#1924=DIRECTION('',(0.9895238335262708,0.1443696051233533,0));
#1925=FACE_BOUND('',#1926,.T.);
#1926=EDGE_LOOP('',(#1927,#1928,#1929));
#1927=ORIENTED_EDGE('',*,*,#1930,.T.);
#1928=ORIENTED_EDGE('',*,*,#1931,.T.);
#1929=ORIENTED_EDGE('',*,*,#1932,.T.);
#1930=EDGE_CURVE('',#55,#59,#1933,.F.);
#1931=EDGE_CURVE('',#59,#177,#1934,.T.);
#1932=EDGE_CURVE('',#177,#55,#1935,.T.);
#1933=LINE('',#54,#1936);
#1934=LINE('',#58,#1937);
#1935=LINE('',#176,#1938);
#1936=VECTOR('',#1939,1.0);
#1937=VECTOR('',#1940,1.0);
#1938=VECTOR('',#1941,1.0);
#1939=DIRECTION('',(0.9895238335262708,0.1443696051233533,0));
#1940=DIRECTION('',(0,0,1));
#1941=DIRECTION('',(-0.17151612367474894,-0.025023869267474637,-0.9848634551482112));
#1942=FACE_SURFACE('',(#1947),#1943,.T.);
#1943=PLANE('',#1944);
#1944=AXIS2_PLACEMENT_3D('',#176,#1945,#1946);
#1945=DIRECTION('',(0.04827310389634441,-0.9988341741451443,0));
#1946=DIRECTION('',(0,0,-1));
#1947=FACE_BOUND('',#1948,.T.);
#1948=EDGE_LOOP('',(#1949,#1950,#1951));
#1949=ORIENTED_EDGE('',*,*,#1952,.T.);
#1950=ORIENTED_EDGE('',*,*,#1953,.T.);
#1951=ORIENTED_EDGE('',*,*,#1954,.T.);
#1952=EDGE_CURVE('',#177,#59,#1955,.F.);
#1953=EDGE_CURVE('',#59,#149,#1956,.T.);
#1954=EDGE_CURVE('',#149,#177,#1957,.T.);
#1955=LINE('',#176,#1958);
#1956=LINE('',#58,#1959);
#1957=LINE('',#148,#1960);
#1958=VECTOR('',#1961,1.0);
#1959=VECTOR('',#1962,1.0);
#1960=VECTOR('',#1963,1.0);
#1961=DIRECTION('',(0,0,-1));
#1962=DIRECTION('',(0.173129926258209,0.008367273701845234,0.9848634511264114));
#1963=DIRECTION('',(-0.9988341741451444,-0.04827310389634442,0));
#1964=FACE_SURFACE('',(#1969),#1965,.T.);
#1965=PLANE('',#1966);
#1966=AXIS2_PLACEMENT_3D('',#58,#1967,#1968);
#1967=DIRECTION('',(0.04827310389634441,-0.9988341741451443,0));
#1968=DIRECTION('',(0.9988341741451444,0.04827310389634442,0));
#1969=FACE_BOUND('',#1970,.T.);
#1970=EDGE_LOOP('',(#1971,#1972,#1973));
#1971=ORIENTED_EDGE('',*,*,#1974,.T.);
#1972=ORIENTED_EDGE('',*,*,#1975,.T.);
#1973=ORIENTED_EDGE('',*,*,#1976,.T.);
#1974=EDGE_CURVE('',#59,#63,#1977,.F.);
#1975=EDGE_CURVE('',#63,#149,#1978,.T.);
#1976=EDGE_CURVE('',#149,#59,#1979,.T.);
#1977=LINE('',#58,#1980);
#1978=LINE('',#62,#1981);
#1979=LINE('',#148,#1982);
#1980=VECTOR('',#1983,1.0);
#1981=VECTOR('',#1984,1.0);
#1982=VECTOR('',#1985,1.0);
#1983=DIRECTION('',(0.9988341741451444,0.04827310389634442,0));
#1984=DIRECTION('',(0,0,1));
#1985=DIRECTION('',(-0.173129926258209,-0.008367273701845234,-0.9848634511264114));
#1986=FACE_SURFACE('',(#1991),#1987,.T.);
#1987=PLANE('',#1988);
#1988=AXIS2_PLACEMENT_3D('',#148,#1989,#1990);
#1989=DIRECTION('',(-0.048273103896344635,-0.9988341741451445,-0));
#1990=DIRECTION('',(0,0,-1));
#1991=FACE_BOUND('',#1992,.T.);
#1992=EDGE_LOOP('',(#1993,#1994,#1995));
#1993=ORIENTED_EDGE('',*,*,#1996,.T.);
#1994=ORIENTED_EDGE('',*,*,#1997,.T.);
#1995=ORIENTED_EDGE('',*,*,#1998,.T.);
#1996=EDGE_CURVE('',#149,#63,#1999,.F.);
#1997=EDGE_CURVE('',#63,#145,#2000,.T.);
#1998=EDGE_CURVE('',#145,#149,#2001,.T.);
#1999=LINE('',#148,#2002);
#2000=LINE('',#62,#2003);
#2001=LINE('',#144,#2004);
#2002=VECTOR('',#2005,1.0);
#2003=VECTOR('',#2006,1.0);
#2004=VECTOR('',#2007,1.0);
#2005=DIRECTION('',(0,0,-1));
#2006=DIRECTION('',(0.17312992625820825,-0.008367273701845236,0.9848634511264116));
#2007=DIRECTION('',(-0.9988341741451444,0.048273103896344635,0));
#2008=FACE_SURFACE('',(#2013),#2009,.T.);
#2009=PLANE('',#2010);
#2010=AXIS2_PLACEMENT_3D('',#62,#2011,#2012);
#2011=DIRECTION('',(-0.048273103896344635,-0.9988341741451445,0));
#2012=DIRECTION('',(0.9988341741451444,-0.048273103896344635,0));
#2013=FACE_BOUND('',#2014,.T.);
#2014=EDGE_LOOP('',(#2015,#2016,#2017));
#2015=ORIENTED_EDGE('',*,*,#2018,.T.);
#2016=ORIENTED_EDGE('',*,*,#2019,.T.);
#2017=ORIENTED_EDGE('',*,*,#2020,.T.);
#2018=EDGE_CURVE('',#63,#103,#2021,.F.);
#2019=EDGE_CURVE('',#103,#145,#2022,.T.);
#2020=EDGE_CURVE('',#145,#63,#2023,.T.);
#2021=LINE('',#62,#2024);
#2022=LINE('',#102,#2025);
#2023=LINE('',#144,#2026);
#2024=VECTOR('',#2027,1.0);
#2025=VECTOR('',#2028,1.0);
#2026=VECTOR('',#2029,1.0);
#2027=DIRECTION('',(0.9988341741451444,-0.048273103896344635,0));
#2028=DIRECTION('',(0,0,1));
#2029=DIRECTION('',(-0.17312992625820825,0.008367273701845236,-0.9848634511264116));
#2030=FACE_SURFACE('',(#2035),#2031,.T.);
#2031=PLANE('',#2032);
#2032=AXIS2_PLACEMENT_3D('',#144,#2033,#2034);
#2033=DIRECTION('',(-0.1443696051233533,-0.9895238335262708,-0));
#2034=DIRECTION('',(0,0,-1));
#2035=FACE_BOUND('',#2036,.T.);
#2036=EDGE_LOOP('',(#2037,#2038,#2039));
#2037=ORIENTED_EDGE('',*,*,#2040,.T.);
#2038=ORIENTED_EDGE('',*,*,#2041,.T.);
#2039=ORIENTED_EDGE('',*,*,#2042,.T.);
#2040=EDGE_CURVE('',#145,#103,#2043,.F.);
#2041=EDGE_CURVE('',#103,#141,#2044,.T.);
#2042=EDGE_CURVE('',#141,#145,#2045,.T.);
#2043=LINE('',#144,#2046);
#2044=LINE('',#102,#2047);
#2045=LINE('',#140,#2048);
#2046=VECTOR('',#2049,1.0);
#2047=VECTOR('',#2050,1.0);
#2048=VECTOR('',#2051,1.0);
#2049=DIRECTION('',(0,0,-1));
#2050=DIRECTION('',(0.17151612367474894,-0.025023869267474637,0.9848634551482112));
#2051=DIRECTION('',(-0.9895238335262708,0.1443696051233533,0));
#2052=FACE_SURFACE('',(#2057),#2053,.T.);
#2053=PLANE('',#2054);
#2054=AXIS2_PLACEMENT_3D('',#102,#2055,#2056);
#2055=DIRECTION('',(-0.1443696051233533,-0.9895238335262708,0));
#2056=DIRECTION('',(0.9895238335262708,-0.1443696051233533,0));
#2057=FACE_BOUND('',#2058,.T.);
#2058=EDGE_LOOP('',(#2059,#2060,#2061));
#2059=ORIENTED_EDGE('',*,*,#2062,.T.);
#2060=ORIENTED_EDGE('',*,*,#2063,.T.);
#2061=ORIENTED_EDGE('',*,*,#2064,.T.);
#2062=EDGE_CURVE('',#103,#99,#2065,.F.);
#2063=EDGE_CURVE('',#99,#141,#2066,.T.);
#2064=EDGE_CURVE('',#141,#103,#2067,.T.);
#2065=LINE('',#102,#2068);
#2066=LINE('',#98,#2069);
#2067=LINE('',#140,#2070);
#2068=VECTOR('',#2071,1.0);
#2069=VECTOR('',#2072,1.0);
#2070=VECTOR('',#2073,1.0);
#2071=DIRECTION('',(0.9895238335262708,-0.1443696051233533,0));
#2072=DIRECTION('',(0,0,1));
#2073=DIRECTION('',(-0.17151612367474894,0.025023869267474637,-0.9848634551482112));
#2074=FACE_SURFACE('',(#2079),#2075,.T.);
#2075=PLANE('',#2076);
#2076=AXIS2_PLACEMENT_3D('',#140,#2077,#2078);
#2077=DIRECTION('',(-0.23912025867578718,-0.9709899597270946,-0));
#2078=DIRECTION('',(0,0,-1));
#2079=FACE_BOUND('',#2080,.T.);
#2080=EDGE_LOOP('',(#2081,#2082,#2083));
#2081=ORIENTED_EDGE('',*,*,#2084,.T.);
#2082=ORIENTED_EDGE('',*,*,#2085,.T.);
#2083=ORIENTED_EDGE('',*,*,#2086,.T.);
#2084=EDGE_CURVE('',#141,#99,#2087,.F.);
#2085=EDGE_CURVE('',#99,#137,#2088,.T.);
#2086=EDGE_CURVE('',#137,#141,#2089,.T.);
#2087=LINE('',#140,#2090);
#2088=LINE('',#98,#2091);
#2089=LINE('',#136,#2092);
#2090=VECTOR('',#2093,1.0);
#2091=VECTOR('',#2094,1.0);
#2092=VECTOR('',#2095,1.0);
#2093=DIRECTION('',(0,0,-1));
#2094=DIRECTION('',(0.16830364416264432,-0.041447195746040784,0.984863449076248));
#2095=DIRECTION('',(-0.9709899597270946,0.23912025867578718,0));
#2096=FACE_SURFACE('',(#2101),#2097,.T.);
#2097=PLANE('',#2098);
#2098=AXIS2_PLACEMENT_3D('',#98,#2099,#2100);
#2099=DIRECTION('',(-0.23912025867578718,-0.9709899597270946,0));
#2100=DIRECTION('',(0.9709899597270946,-0.23912025867578718,0));
#2101=FACE_BOUND('',#2102,.T.);
#2102=EDGE_LOOP('',(#2103,#2104,#2105));
#2103=ORIENTED_EDGE('',*,*,#2106,.T.);
#2104=ORIENTED_EDGE('',*,*,#2107,.T.);
#2105=ORIENTED_EDGE('',*,*,#2108,.T.);
#2106=EDGE_CURVE('',#99,#95,#2109,.F.);
#2107=EDGE_CURVE('',#95,#137,#2110,.T.);
#2108=EDGE_CURVE('',#137,#99,#2111,.T.);
#2109=LINE('',#98,#2112);
#2110=LINE('',#94,#2113);
#2111=LINE('',#136,#2114);
#2112=VECTOR('',#2115,1.0);
#2113=VECTOR('',#2116,1.0);
#2114=VECTOR('',#2117,1.0);
#2115=DIRECTION('',(0.9709899597270946,-0.23912025867578718,0));
#2116=DIRECTION('',(0,0,1));
#2117=DIRECTION('',(-0.16830364416264432,0.041447195746040784,-0.984863449076248));
#2118=FACE_SURFACE('',(#2123),#2119,.T.);
#2119=PLANE('',#2120);
#2120=AXIS2_PLACEMENT_3D('',#168,#2121,#2122);
#2121=DIRECTION('',(1,0,0));
#2122=DIRECTION('',(0,-1,0));
#2123=FACE_BOUND('',#2124,.T.);
#2124=EDGE_LOOP('',(#2125,#2126,#2127));
#2125=ORIENTED_EDGE('',*,*,#2128,.T.);
#2126=ORIENTED_EDGE('',*,*,#2129,.T.);
#2127=ORIENTED_EDGE('',*,*,#2130,.T.);
#2128=EDGE_CURVE('',#169,#165,#2131,.F.);
#2129=EDGE_CURVE('',#165,#51,#2132,.T.);
#2130=EDGE_CURVE('',#51,#169,#2133,.T.);
#2131=LINE('',#168,#2134);
#2132=LINE('',#164,#2135);
#2133=LINE('',#50,#2136);
#2134=VECTOR('',#2137,1.0);
#2135=VECTOR('',#2138,1.0);
#2136=VECTOR('',#2139,1.0);
#2137=DIRECTION('',(0,-1,0));
#2138=DIRECTION('',(0,0.40644387802125886,-0.9136757488403859));
#2139=DIRECTION('',(0,0,1));
#2140=FACE_SURFACE('',(#2145),#2141,.T.);
#2141=PLANE('',#2142);
#2142=AXIS2_PLACEMENT_3D('',#164,#2143,#2144);
#2143=DIRECTION('',(1,0,0));
#2144=DIRECTION('',(0,0,-1));
#2145=FACE_BOUND('',#2146,.T.);
#2146=EDGE_LOOP('',(#2147,#2148,#2149));
#2147=ORIENTED_EDGE('',*,*,#2150,.T.);
#2148=ORIENTED_EDGE('',*,*,#2151,.T.);
#2149=ORIENTED_EDGE('',*,*,#2152,.T.);
#2150=EDGE_CURVE('',#165,#47,#2153,.F.);
#2151=EDGE_CURVE('',#47,#51,#2154,.T.);
#2152=EDGE_CURVE('',#51,#165,#2155,.T.);
#2153=LINE('',#164,#2156);
#2154=LINE('',#46,#2157);
#2155=LINE('',#50,#2158);
#2156=VECTOR('',#2159,1.0);
#2157=VECTOR('',#2160,1.0);
#2158=VECTOR('',#2161,1.0);
#2159=DIRECTION('',(0,0,-1));
#2160=DIRECTION('',(0,1,0));
#2161=DIRECTION('',(0,-0.40644387802125886,0.9136757488403859));
#2162=FACE_SURFACE('',(#2167),#2163,.T.);
#2163=PLANE('',#2164);
#2164=AXIS2_PLACEMENT_3D('',#164,#2165,#2166);
#2165=DIRECTION('',(-0,-1,-0));
#2166=DIRECTION('',(-1,0,0));
#2167=FACE_BOUND('',#2168,.T.);
#2168=EDGE_LOOP('',(#2169,#2170,#2171));
#2169=ORIENTED_EDGE('',*,*,#2172,.T.);
#2170=ORIENTED_EDGE('',*,*,#2173,.T.);
#2171=ORIENTED_EDGE('',*,*,#2174,.T.);
#2172=EDGE_CURVE('',#165,#161,#2175,.F.);
#2173=EDGE_CURVE('',#161,#47,#2176,.T.);
#2174=EDGE_CURVE('',#47,#165,#2177,.T.);
#2175=LINE('',#164,#2178);
#2176=LINE('',#160,#2179);
#2177=LINE('',#46,#2180);
#2178=VECTOR('',#2181,1.0);
#2179=VECTOR('',#2182,1.0);
#2180=VECTOR('',#2183,1.0);
#2181=DIRECTION('',(-1,0,0));
#2182=DIRECTION('',(0.8422713909361677,0,-0.5390537116192164));
#2183=DIRECTION('',(0,0,1));
#2184=FACE_SURFACE('',(#2189),#2185,.T.);
#2185=PLANE('',#2186);
#2186=AXIS2_PLACEMENT_3D('',#160,#2187,#2188);
#2187=DIRECTION('',(0,-1,0));
#2188=DIRECTION('',(0,0,-1));
#2189=FACE_BOUND('',#2190,.T.);
#2190=EDGE_LOOP('',(#2191,#2192,#2193));
#2191=ORIENTED_EDGE('',*,*,#2194,.T.);
#2192=ORIENTED_EDGE('',*,*,#2195,.T.);
#2193=ORIENTED_EDGE('',*,*,#2196,.T.);
#2194=EDGE_CURVE('',#161,#43,#2197,.F.);
#2195=EDGE_CURVE('',#43,#47,#2198,.T.);
#2196=EDGE_CURVE('',#47,#161,#2199,.T.);
#2197=LINE('',#160,#2200);
#2198=LINE('',#42,#2201);
#2199=LINE('',#46,#2202);
#2200=VECTOR('',#2203,1.0);
#2201=VECTOR('',#2204,1.0);
#2202=VECTOR('',#2205,1.0);
#2203=DIRECTION('',(0,0,-1));
#2204=DIRECTION('',(1,0,0));
#2205=DIRECTION('',(-0.8422713909361677,0,0.5390537116192164));
#2206=FACE_SURFACE('',(#2211),#2207,.T.);
#2207=PLANE('',#2208);
#2208=AXIS2_PLACEMENT_3D('',#160,#2209,#2210);
#2209=DIRECTION('',(-1,0,0));
#2210=DIRECTION('',(0,1,0));
#2211=FACE_BOUND('',#2212,.T.);
#2212=EDGE_LOOP('',(#2213,#2214,#2215));
#2213=ORIENTED_EDGE('',*,*,#2216,.T.);
#2214=ORIENTED_EDGE('',*,*,#2217,.T.);
#2215=ORIENTED_EDGE('',*,*,#2218,.T.);
#2216=EDGE_CURVE('',#161,#157,#2219,.F.);
#2217=EDGE_CURVE('',#157,#43,#2220,.T.);
#2218=EDGE_CURVE('',#43,#161,#2221,.T.);
#2219=LINE('',#160,#2222);
#2220=LINE('',#156,#2223);
#2221=LINE('',#42,#2224);
#2222=VECTOR('',#2225,1.0);
#2223=VECTOR('',#2226,1.0);
#2224=VECTOR('',#2227,1.0);
#2225=DIRECTION('',(0,1,0));
#2226=DIRECTION('',(0,-0.38461537159297743,-0.923076928502926));
#2227=DIRECTION('',(0,0,1));
#2228=FACE_SURFACE('',(#2233),#2229,.T.);
#2229=PLANE('',#2230);
#2230=AXIS2_PLACEMENT_3D('',#156,#2231,#2232);
#2231=DIRECTION('',(-1,0,-0));
#2232=DIRECTION('',(0,0,-1));
#2233=FACE_BOUND('',#2234,.T.);
#2234=EDGE_LOOP('',(#2235,#2236,#2237));
#2235=ORIENTED_EDGE('',*,*,#2238,.T.);
#2236=ORIENTED_EDGE('',*,*,#2239,.T.);
#2237=ORIENTED_EDGE('',*,*,#2240,.T.);
#2238=EDGE_CURVE('',#157,#39,#2241,.F.);
#2239=EDGE_CURVE('',#39,#43,#2242,.T.);
#2240=EDGE_CURVE('',#43,#157,#2243,.T.);
#2241=LINE('',#156,#2244);
#2242=LINE('',#38,#2245);
#2243=LINE('',#42,#2246);
#2244=VECTOR('',#2247,1.0);
#2245=VECTOR('',#2248,1.0);
#2246=VECTOR('',#2249,1.0);
#2247=DIRECTION('',(0,0,-1));
#2248=DIRECTION('',(0,-1,0));
#2249=DIRECTION('',(0,0.38461537159297743,0.923076928502926));
#2250=FACE_SURFACE('',(#2255),#2251,.T.);
#2251=PLANE('',#2252);
#2252=AXIS2_PLACEMENT_3D('',#156,#2253,#2254);
#2253=DIRECTION('',(-0,-1,-0));
#2254=DIRECTION('',(-1,0,0));
#2255=FACE_BOUND('',#2256,.T.);
#2256=EDGE_LOOP('',(#2257,#2258,#2259));
#2257=ORIENTED_EDGE('',*,*,#2260,.T.);
#2258=ORIENTED_EDGE('',*,*,#2261,.T.);
#2259=ORIENTED_EDGE('',*,*,#2262,.T.);
#2260=EDGE_CURVE('',#157,#153,#2263,.F.);
#2261=EDGE_CURVE('',#153,#39,#2264,.T.);
#2262=EDGE_CURVE('',#39,#157,#2265,.T.);
#2263=LINE('',#156,#2266);
#2264=LINE('',#152,#2267);
#2265=LINE('',#38,#2268);
#2266=VECTOR('',#2269,1.0);
#2267=VECTOR('',#2270,1.0);
#2268=VECTOR('',#2271,1.0);
#2269=DIRECTION('',(-1,0,0));
#2270=DIRECTION('',(0.6156440267809145,0,-0.7880243855928449));
#2271=DIRECTION('',(0,0,1));
#2272=FACE_SURFACE('',(#2277),#2273,.T.);
#2273=PLANE('',#2274);
#2274=AXIS2_PLACEMENT_3D('',#152,#2275,#2276);
#2275=DIRECTION('',(0,-1,0));
#2276=DIRECTION('',(0,0,-1));
#2277=FACE_BOUND('',#2278,.T.);
#2278=EDGE_LOOP('',(#2279,#2280,#2281));
#2279=ORIENTED_EDGE('',*,*,#2282,.T.);
#2280=ORIENTED_EDGE('',*,*,#2283,.T.);
#2281=ORIENTED_EDGE('',*,*,#2284,.T.);
#2282=EDGE_CURVE('',#153,#35,#2285,.F.);
#2283=EDGE_CURVE('',#35,#39,#2286,.T.);
#2284=EDGE_CURVE('',#39,#153,#2287,.T.);
#2285=LINE('',#152,#2288);
#2286=LINE('',#34,#2289);
#2287=LINE('',#38,#2290);
#2288=VECTOR('',#2291,1.0);
#2289=VECTOR('',#2292,1.0);
#2290=VECTOR('',#2293,1.0);
#2291=DIRECTION('',(0,0,-1));
#2292=DIRECTION('',(1,0,0));
#2293=DIRECTION('',(-0.6156440267809145,0,0.7880243855928449));
#2294=FACE_SURFACE('',(#2299),#2295,.T.);
#2295=PLANE('',#2296);
#2296=AXIS2_PLACEMENT_3D('',#152,#2297,#2298);
#2297=DIRECTION('',(-1,0,0));
#2298=DIRECTION('',(0,1,0));
#2299=FACE_BOUND('',#2300,.T.);
#2300=EDGE_LOOP('',(#2301,#2302,#2303));
#2301=ORIENTED_EDGE('',*,*,#2304,.T.);
#2302=ORIENTED_EDGE('',*,*,#2305,.T.);
#2303=ORIENTED_EDGE('',*,*,#2306,.T.);
#2304=EDGE_CURVE('',#153,#151,#2307,.F.);
#2305=EDGE_CURVE('',#151,#35,#2308,.T.);
#2306=EDGE_CURVE('',#35,#153,#2309,.T.);
#2307=LINE('',#152,#2310);
#2308=LINE('',#150,#2311);
#2309=LINE('',#34,#2312);
#2310=VECTOR('',#2313,1.0);
#2311=VECTOR('',#2314,1.0);
#2312=VECTOR('',#2315,1.0);
#2313=DIRECTION('',(0,1,0));
#2314=DIRECTION('',(0,-0.10360608018671238,-0.994618409315022));
#2315=DIRECTION('',(0,0,1));
#2316=FACE_SURFACE('',(#2321),#2317,.T.);
#2317=PLANE('',#2318);
#2318=AXIS2_PLACEMENT_3D('',#150,#2319,#2320);
#2319=DIRECTION('',(-1,0,-0));
#2320=DIRECTION('',(0,0,-1));
#2321=FACE_BOUND('',#2322,.T.);
#2322=EDGE_LOOP('',(#2323,#2324,#2325));
#2323=ORIENTED_EDGE('',*,*,#2326,.T.);
#2324=ORIENTED_EDGE('',*,*,#2327,.T.);
#2325=ORIENTED_EDGE('',*,*,#2328,.T.);
#2326=EDGE_CURVE('',#151,#37,#2329,.F.);
#2327=EDGE_CURVE('',#37,#35,#2330,.T.);
#2328=EDGE_CURVE('',#35,#151,#2331,.T.);
#2329=LINE('',#150,#2332);
#2330=LINE('',#36,#2333);
#2331=LINE('',#34,#2334);
#2332=VECTOR('',#2335,1.0);
#2333=VECTOR('',#2336,1.0);
#2334=VECTOR('',#2337,1.0);
#2335=DIRECTION('',(0,0,-1));
#2336=DIRECTION('',(0,-1,0));
#2337=DIRECTION('',(0,0.10360608018671238,0.994618409315022));
#2338=FACE_SURFACE('',(#2343),#2339,.T.);
#2339=PLANE('',#2340);
#2340=AXIS2_PLACEMENT_3D('',#150,#2341,#2342);
#2341=DIRECTION('',(-0,1,0));
#2342=DIRECTION('',(1,0,0));
#2343=FACE_BOUND('',#2344,.T.);
#2344=EDGE_LOOP('',(#2345,#2346,#2347));
#2345=ORIENTED_EDGE('',*,*,#2348,.T.);
#2346=ORIENTED_EDGE('',*,*,#2349,.T.);
#2347=ORIENTED_EDGE('',*,*,#2350,.T.);
#2348=EDGE_CURVE('',#151,#155,#2351,.F.);
#2349=EDGE_CURVE('',#155,#37,#2352,.T.);
#2350=EDGE_CURVE('',#37,#151,#2353,.T.);
#2351=LINE('',#150,#2354);
#2352=LINE('',#154,#2355);
#2353=LINE('',#36,#2356);
#2354=VECTOR('',#2357,1.0);
#2355=VECTOR('',#2358,1.0);
#2356=VECTOR('',#2359,1.0);
#2357=DIRECTION('',(1,0,0));
#2358=DIRECTION('',(-0.662910352553956,0,-0.7486987808703776));
#2359=DIRECTION('',(0,0,1));
#2360=FACE_SURFACE('',(#2365),#2361,.T.);
#2361=PLANE('',#2362);
#2362=AXIS2_PLACEMENT_3D('',#154,#2363,#2364);
#2363=DIRECTION('',(0,1,0));
#2364=DIRECTION('',(0,0,-1));
#2365=FACE_BOUND('',#2366,.T.);
#2366=EDGE_LOOP('',(#2367,#2368,#2369));
#2367=ORIENTED_EDGE('',*,*,#2370,.T.);
#2368=ORIENTED_EDGE('',*,*,#2371,.T.);
#2369=ORIENTED_EDGE('',*,*,#2372,.T.);
#2370=EDGE_CURVE('',#155,#41,#2373,.F.);
#2371=EDGE_CURVE('',#41,#37,#2374,.T.);
#2372=EDGE_CURVE('',#37,#155,#2375,.T.);
#2373=LINE('',#154,#2376);
#2374=LINE('',#40,#2377);
#2375=LINE('',#36,#2378);
#2376=VECTOR('',#2379,1.0);
#2377=VECTOR('',#2380,1.0);
#2378=VECTOR('',#2381,1.0);
#2379=DIRECTION('',(0,0,-1));
#2380=DIRECTION('',(-1,0,0));
#2381=DIRECTION('',(0.662910352553956,0,0.7486987808703776));
#2382=FACE_SURFACE('',(#2387),#2383,.T.);
#2383=PLANE('',#2384);
#2384=AXIS2_PLACEMENT_3D('',#114,#2385,#2386);
#2385=DIRECTION('',(-1,0,0));
#2386=DIRECTION('',(0,1,0));
#2387=FACE_BOUND('',#2388,.T.);
#2388=EDGE_LOOP('',(#2389,#2390,#2391));
#2389=ORIENTED_EDGE('',*,*,#2392,.T.);
#2390=ORIENTED_EDGE('',*,*,#2393,.T.);
#2391=ORIENTED_EDGE('',*,*,#2394,.T.);
#2392=EDGE_CURVE('',#115,#111,#2395,.F.);
#2393=EDGE_CURVE('',#111,#69,#2396,.T.);
#2394=EDGE_CURVE('',#69,#115,#2397,.T.);
#2395=LINE('',#114,#2398);
#2396=LINE('',#110,#2399);
#2397=LINE('',#68,#2400);
#2398=VECTOR('',#2401,1.0);
#2399=VECTOR('',#2402,1.0);
#2400=VECTOR('',#2403,1.0);
#2401=DIRECTION('',(0,1,0));
#2402=DIRECTION('',(0,-0.203954246344709,-0.9789804213557908));
#2403=DIRECTION('',(0,0,1));
#2404=FACE_SURFACE('',(#2409),#2405,.T.);
#2405=PLANE('',#2406);
#2406=AXIS2_PLACEMENT_3D('',#110,#2407,#2408);
#2407=DIRECTION('',(-1,0,-0));
#2408=DIRECTION('',(0,0,-1));
#2409=FACE_BOUND('',#2410,.T.);
#2410=EDGE_LOOP('',(#2411,#2412,#2413));
#2411=ORIENTED_EDGE('',*,*,#2414,.T.);
#2412=ORIENTED_EDGE('',*,*,#2415,.T.);
#2413=ORIENTED_EDGE('',*,*,#2416,.T.);
#2414=EDGE_CURVE('',#111,#65,#2417,.F.);
#2415=EDGE_CURVE('',#65,#69,#2418,.T.);
#2416=EDGE_CURVE('',#69,#111,#2419,.T.);
#2417=LINE('',#110,#2420);
#2418=LINE('',#64,#2421);
#2419=LINE('',#68,#2422);
#2420=VECTOR('',#2423,1.0);
#2421=VECTOR('',#2424,1.0);
#2422=VECTOR('',#2425,1.0);
#2423=DIRECTION('',(0,0,-1));
#2424=DIRECTION('',(0,-1,0));
#2425=DIRECTION('',(0,0.203954246344709,0.9789804213557908));
#2426=FACE_SURFACE('',(#2431),#2427,.T.);
#2427=PLANE('',#2428);
#2428=AXIS2_PLACEMENT_3D('',#138,#2429,#2430);
#2429=DIRECTION('',(0.27934520945970903,0.9601907383181278,0));
#2430=DIRECTION('',(0,0,-1));
#2431=FACE_BOUND('',#2432,.T.);
#2432=EDGE_LOOP('',(#2433,#2434,#2435));
#2433=ORIENTED_EDGE('',*,*,#2436,.T.);
#2434=ORIENTED_EDGE('',*,*,#2437,.T.);
#2435=ORIENTED_EDGE('',*,*,#2438,.T.);
#2436=EDGE_CURVE('',#139,#93,#2439,.F.);
#2437=EDGE_CURVE('',#93,#97,#2440,.T.);
#2438=EDGE_CURVE('',#97,#139,#2441,.T.);
#2439=LINE('',#138,#2442);
#2440=LINE('',#92,#2443);
#2441=LINE('',#96,#2444);
#2442=VECTOR('',#2445,1.0);
#2443=VECTOR('',#2446,1.0);
#2444=VECTOR('',#2447,1.0);
#2445=DIRECTION('',(0,0,-1));
#2446=DIRECTION('',(-0.9601907383181277,0.27934520945970903,0));
#2447=DIRECTION('',(0.1717407962357477,-0.04996399859186854,0.9838743302642992));
#2448=FACE_SURFACE('',(#2453),#2449,.T.);
#2449=PLANE('',#2450);
#2450=AXIS2_PLACEMENT_3D('',#138,#2451,#2452);
#2451=DIRECTION('',(0.27934520945970903,0.9601907383181278,0));
#2452=DIRECTION('',(-0.1717407962357477,0.04996399859186854,-0.9838743302642992));
#2453=FACE_BOUND('',#2454,.T.);
#2454=EDGE_LOOP('',(#2455,#2456,#2457));
#2455=ORIENTED_EDGE('',*,*,#2458,.T.);
#2456=ORIENTED_EDGE('',*,*,#2459,.T.);
#2457=ORIENTED_EDGE('',*,*,#2460,.T.);
#2458=EDGE_CURVE('',#139,#97,#2461,.F.);
#2459=EDGE_CURVE('',#97,#143,#2462,.T.);
#2460=EDGE_CURVE('',#143,#139,#2463,.T.);
#2461=LINE('',#138,#2464);
#2462=LINE('',#96,#2465);
#2463=LINE('',#142,#2466);
#2464=VECTOR('',#2467,1.0);
#2465=VECTOR('',#2468,1.0);
#2466=VECTOR('',#2469,1.0);
#2467=DIRECTION('',(-0.1717407962357477,0.04996399859186854,-0.9838743302642992));
#2468=DIRECTION('',(0,0,1));
#2469=DIRECTION('',(0.9601907383181277,-0.27934520945970903,0));
#2470=FACE_SURFACE('',(#2475),#2471,.T.);
#2471=PLANE('',#2472);
#2472=AXIS2_PLACEMENT_3D('',#96,#2473,#2474);
#2473=DIRECTION('',(0.18762256674960898,0.9822411987115427,-0));
#2474=DIRECTION('',(-0.9822411987115428,0.18762256674960898,0));
#2475=FACE_BOUND('',#2476,.T.);
#2476=EDGE_LOOP('',(#2477,#2478,#2479));
#2477=ORIENTED_EDGE('',*,*,#2480,.T.);
#2478=ORIENTED_EDGE('',*,*,#2481,.T.);
#2479=ORIENTED_EDGE('',*,*,#2482,.T.);
#2480=EDGE_CURVE('',#97,#101,#2483,.F.);
#2481=EDGE_CURVE('',#101,#143,#2484,.T.);
#2482=EDGE_CURVE('',#143,#97,#2485,.T.);
#2483=LINE('',#96,#2486);
#2484=LINE('',#100,#2487);
#2485=LINE('',#142,#2488);
#2486=VECTOR('',#2489,1.0);
#2487=VECTOR('',#2490,1.0);
#2488=VECTOR('',#2491,1.0);
#2489=DIRECTION('',(-0.9822411987115428,0.18762256674960898,0));
#2490=DIRECTION('',(0.17568478926375602,-0.03355838784177308,0.9838743260329597));
#2491=DIRECTION('',(0,0,-1));
#2492=FACE_SURFACE('',(#2497),#2493,.T.);
#2493=PLANE('',#2494);
#2494=AXIS2_PLACEMENT_3D('',#142,#2495,#2496);
#2495=DIRECTION('',(0.18762256674960898,0.9822411987115427,0));
#2496=DIRECTION('',(-0.17568478926375602,0.03355838784177308,-0.9838743260329597));
#2497=FACE_BOUND('',#2498,.T.);
#2498=EDGE_LOOP('',(#2499,#2500,#2501));
#2499=ORIENTED_EDGE('',*,*,#2502,.T.);
#2500=ORIENTED_EDGE('',*,*,#2503,.T.);
#2501=ORIENTED_EDGE('',*,*,#2504,.T.);
#2502=EDGE_CURVE('',#143,#101,#2505,.F.);
#2503=EDGE_CURVE('',#101,#147,#2506,.T.);
#2504=EDGE_CURVE('',#147,#143,#2507,.T.);
#2505=LINE('',#142,#2508);
#2506=LINE('',#100,#2509);
#2507=LINE('',#146,#2510);
#2508=VECTOR('',#2511,1.0);
#2509=VECTOR('',#2512,1.0);
#2510=VECTOR('',#2513,1.0);
#2511=DIRECTION('',(-0.17568478926375602,0.03355838784177308,-0.9838743260329597));
#2512=DIRECTION('',(0,0,1));
#2513=DIRECTION('',(0.9822411987115428,-0.18762256674960898,0));
#2514=FACE_SURFACE('',(#2519),#2515,.T.);
#2515=PLANE('',#2516);
#2516=AXIS2_PLACEMENT_3D('',#100,#2517,#2518);
#2517=DIRECTION('',(0.09423082727989696,0.9955503760182837,-0));
#2518=DIRECTION('',(-0.9955503760182838,0.09423082727989697,0));
#2519=FACE_BOUND('',#2520,.T.);
#2520=EDGE_LOOP('',(#2521,#2522,#2523));
#2521=ORIENTED_EDGE('',*,*,#2524,.T.);
#2522=ORIENTED_EDGE('',*,*,#2525,.T.);
#2523=ORIENTED_EDGE('',*,*,#2526,.T.);
#2524=EDGE_CURVE('',#101,#105,#2527,.F.);
#2525=EDGE_CURVE('',#105,#147,#2528,.T.);
#2526=EDGE_CURVE('',#147,#101,#2529,.T.);
#2527=LINE('',#100,#2530);
#2528=LINE('',#104,#2531);
#2529=LINE('',#146,#2532);
#2530=VECTOR('',#2533,1.0);
#2531=VECTOR('',#2534,1.0);
#2532=VECTOR('',#2535,1.0);
#2533=DIRECTION('',(-0.9955503760182838,0.09423082727989697,0));
#2534=DIRECTION('',(0.17806527491950142,-0.016854233165573884,0.9838743276924359));
#2535=DIRECTION('',(0,0,-1));
#2536=FACE_SURFACE('',(#2541),#2537,.T.);
#2537=PLANE('',#2538);
#2538=AXIS2_PLACEMENT_3D('',#146,#2539,#2540);
#2539=DIRECTION('',(0.09423082727989696,0.9955503760182837,0));
#2540=DIRECTION('',(-0.17806527491950142,0.016854233165573884,-0.9838743276924359));
#2541=FACE_BOUND('',#2542,.T.);
#2542=EDGE_LOOP('',(#2543,#2544,#2545));
#2543=ORIENTED_EDGE('',*,*,#2546,.T.);
#2544=ORIENTED_EDGE('',*,*,#2547,.T.);
#2545=ORIENTED_EDGE('',*,*,#2548,.T.);
#2546=EDGE_CURVE('',#147,#105,#2549,.F.);
#2547=EDGE_CURVE('',#105,#181,#2550,.T.);
#2548=EDGE_CURVE('',#181,#147,#2551,.T.);
#2549=LINE('',#146,#2552);
#2550=LINE('',#104,#2553);
#2551=LINE('',#180,#2554);
#2552=VECTOR('',#2555,1.0);
#2553=VECTOR('',#2556,1.0);
#2554=VECTOR('',#2557,1.0);
#2555=DIRECTION('',(-0.17806527491950142,0.016854233165573884,-0.9838743276924359));
#2556=DIRECTION('',(0,0,1));
#2557=DIRECTION('',(0.9955503760182838,-0.09423082727989697,0));
#2558=FACE_SURFACE('',(#2563),#2559,.T.);
#2559=PLANE('',#2560);
#2560=AXIS2_PLACEMENT_3D('',#104,#2561,#2562);
#2561=DIRECTION('',(0,1,-0));
#2562=DIRECTION('',(-1,0,0));
#2563=FACE_BOUND('',#2564,.T.);
#2564=EDGE_LOOP('',(#2565,#2566,#2567));
#2565=ORIENTED_EDGE('',*,*,#2568,.T.);
#2566=ORIENTED_EDGE('',*,*,#2569,.T.);
#2567=ORIENTED_EDGE('',*,*,#2570,.T.);
#2568=EDGE_CURVE('',#105,#107,#2571,.F.);
#2569=EDGE_CURVE('',#107,#181,#2572,.T.);
#2570=EDGE_CURVE('',#181,#105,#2573,.T.);
#2571=LINE('',#104,#2574);
#2572=LINE('',#106,#2575);
#2573=LINE('',#180,#2576);
#2574=VECTOR('',#2577,1.0);
#2575=VECTOR('',#2578,1.0);
#2576=VECTOR('',#2579,1.0);
#2577=DIRECTION('',(-1,0,0));
#2578=DIRECTION('',(0.1788611401979328,0,0.9838743276085088));
#2579=DIRECTION('',(0,0,-1));
#2580=FACE_SURFACE('',(#2585),#2581,.T.);
#2581=PLANE('',#2582);
#2582=AXIS2_PLACEMENT_3D('',#180,#2583,#2584);
#2583=DIRECTION('',(0,1,0));
#2584=DIRECTION('',(-0.1788611401979328,0,-0.9838743276085088));
#2585=FACE_BOUND('',#2586,.T.);
#2586=EDGE_LOOP('',(#2587,#2588,#2589));
#2587=ORIENTED_EDGE('',*,*,#2590,.T.);
#2588=ORIENTED_EDGE('',*,*,#2591,.T.);
#2589=ORIENTED_EDGE('',*,*,#2592,.T.);
#2590=EDGE_CURVE('',#181,#107,#2593,.F.);
#2591=EDGE_CURVE('',#107,#179,#2594,.T.);
#2592=EDGE_CURVE('',#179,#181,#2595,.T.);
#2593=LINE('',#180,#2596);
#2594=LINE('',#106,#2597);
#2595=LINE('',#178,#2598);
#2596=VECTOR('',#2599,1.0);
#2597=VECTOR('',#2600,1.0);
#2598=VECTOR('',#2601,1.0);
#2599=DIRECTION('',(-0.1788611401979328,0,-0.9838743276085088));
#2600=DIRECTION('',(0,0,1));
#2601=DIRECTION('',(1,0,0));
#2602=FACE_SURFACE('',(#2607),#2603,.T.);
#2603=PLANE('',#2604);
#2604=AXIS2_PLACEMENT_3D('',#106,#2605,#2606);
#2605=DIRECTION('',(-0.09423082727989696,0.9955503760182837,0));
#2606=DIRECTION('',(-0.9955503760182838,-0.09423082727989697,0));
#2607=FACE_BOUND('',#2608,.T.);
#2608=EDGE_LOOP('',(#2609,#2610,#2611));
#2609=ORIENTED_EDGE('',*,*,#2612,.T.);
#2610=ORIENTED_EDGE('',*,*,#2613,.T.);
#2611=ORIENTED_EDGE('',*,*,#2614,.T.);
#2612=EDGE_CURVE('',#107,#61,#2615,.F.);
#2613=EDGE_CURVE('',#61,#179,#2616,.T.);
#2614=EDGE_CURVE('',#179,#107,#2617,.T.);
#2615=LINE('',#106,#2618);
#2616=LINE('',#60,#2619);
#2617=LINE('',#178,#2620);
#2618=VECTOR('',#2621,1.0);
#2619=VECTOR('',#2622,1.0);
#2620=VECTOR('',#2623,1.0);
#2621=DIRECTION('',(-0.9955503760182838,-0.09423082727989697,0));
#2622=DIRECTION('',(0.17806527491950142,0.016854233165573884,0.9838743276924359));
#2623=DIRECTION('',(0,0,-1));
#2624=FACE_SURFACE('',(#2629),#2625,.T.);
#2625=PLANE('',#2626);
#2626=AXIS2_PLACEMENT_3D('',#178,#2627,#2628);
#2627=DIRECTION('',(-0.09423082727989696,0.9955503760182837,0));
#2628=DIRECTION('',(-0.17806527491950142,-0.016854233165573884,-0.9838743276924359));
#2629=FACE_BOUND('',#2630,.T.);
#2630=EDGE_LOOP('',(#2631,#2632,#2633));
#2631=ORIENTED_EDGE('',*,*,#2634,.T.);
#2632=ORIENTED_EDGE('',*,*,#2635,.T.);
#2633=ORIENTED_EDGE('',*,*,#2636,.T.);
#2634=EDGE_CURVE('',#179,#61,#2637,.F.);
#2635=EDGE_CURVE('',#61,#175,#2638,.T.);
#2636=EDGE_CURVE('',#175,#179,#2639,.T.);
#2637=LINE('',#178,#2640);
#2638=LINE('',#60,#2641);
#2639=LINE('',#174,#2642);
#2640=VECTOR('',#2643,1.0);
#2641=VECTOR('',#2644,1.0);
#2642=VECTOR('',#2645,1.0);
#2643=DIRECTION('',(-0.17806527491950142,-0.016854233165573884,-0.9838743276924359));
#2644=DIRECTION('',(0,0,1));
#2645=DIRECTION('',(0.9955503760182838,0.09423082727989697,0));
#2646=FACE_SURFACE('',(#2651),#2647,.T.);
#2647=PLANE('',#2648);
#2648=AXIS2_PLACEMENT_3D('',#60,#2649,#2650);
#2649=DIRECTION('',(-0.18762256674960898,0.9822411987115427,0));
#2650=DIRECTION('',(-0.9822411987115428,-0.18762256674960898,0));
#2651=FACE_BOUND('',#2652,.T.);
#2652=EDGE_LOOP('',(#2653,#2654,#2655));
#2653=ORIENTED_EDGE('',*,*,#2656,.T.);
#2654=ORIENTED_EDGE('',*,*,#2657,.T.);
#2655=ORIENTED_EDGE('',*,*,#2658,.T.);
#2656=EDGE_CURVE('',#61,#57,#2659,.F.);
#2657=EDGE_CURVE('',#57,#175,#2660,.T.);
#2658=EDGE_CURVE('',#175,#61,#2661,.T.);
#2659=LINE('',#60,#2662);
#2660=LINE('',#56,#2663);
#2661=LINE('',#174,#2664);
#2662=VECTOR('',#2665,1.0);
#2663=VECTOR('',#2666,1.0);
#2664=VECTOR('',#2667,1.0);
#2665=DIRECTION('',(-0.9822411987115428,-0.18762256674960898,0));
#2666=DIRECTION('',(0.17568478926375602,0.03355838784177308,0.9838743260329597));
#2667=DIRECTION('',(0,0,-1));
#2668=FACE_SURFACE('',(#2673),#2669,.T.);
#2669=PLANE('',#2670);
#2670=AXIS2_PLACEMENT_3D('',#174,#2671,#2672);
#2671=DIRECTION('',(-0.18762256674960898,0.9822411987115427,0));
#2672=DIRECTION('',(-0.17568478926375602,-0.03355838784177308,-0.9838743260329597));
#2673=FACE_BOUND('',#2674,.T.);
#2674=EDGE_LOOP('',(#2675,#2676,#2677));
#2675=ORIENTED_EDGE('',*,*,#2678,.T.);
#2676=ORIENTED_EDGE('',*,*,#2679,.T.);
#2677=ORIENTED_EDGE('',*,*,#2680,.T.);
#2678=EDGE_CURVE('',#175,#57,#2681,.F.);
#2679=EDGE_CURVE('',#57,#171,#2682,.T.);
#2680=EDGE_CURVE('',#171,#175,#2683,.T.);
#2681=LINE('',#174,#2684);
#2682=LINE('',#56,#2685);
#2683=LINE('',#170,#2686);
#2684=VECTOR('',#2687,1.0);
#2685=VECTOR('',#2688,1.0);
#2686=VECTOR('',#2689,1.0);
#2687=DIRECTION('',(-0.17568478926375602,-0.03355838784177308,-0.9838743260329597));
#2688=DIRECTION('',(0,0,1));
#2689=DIRECTION('',(0.9822411987115428,0.18762256674960898,0));
#2690=FACE_SURFACE('',(#2695),#2691,.T.);
#2691=PLANE('',#2692);
#2692=AXIS2_PLACEMENT_3D('',#56,#2693,#2694);
#2693=DIRECTION('',(-0.27934520945970903,0.9601907383181278,0));
#2694=DIRECTION('',(-0.9601907383181277,-0.27934520945970903,0));
#2695=FACE_BOUND('',#2696,.T.);
#2696=EDGE_LOOP('',(#2697,#2698,#2699));
#2697=ORIENTED_EDGE('',*,*,#2700,.T.);
#2698=ORIENTED_EDGE('',*,*,#2701,.T.);
#2699=ORIENTED_EDGE('',*,*,#2702,.T.);
#2700=EDGE_CURVE('',#57,#53,#2703,.F.);
#2701=EDGE_CURVE('',#53,#171,#2704,.T.);
#2702=EDGE_CURVE('',#171,#57,#2705,.T.);
#2703=LINE('',#56,#2706);
#2704=LINE('',#52,#2707);
#2705=LINE('',#170,#2708);
#2706=VECTOR('',#2709,1.0);
#2707=VECTOR('',#2710,1.0);
#2708=VECTOR('',#2711,1.0);
#2709=DIRECTION('',(-0.9601907383181277,-0.27934520945970903,0));
#2710=DIRECTION('',(0.1717407962357477,0.04996399859186854,0.9838743302642992));
#2711=DIRECTION('',(0,0,-1));
#2712=FACE_SURFACE('',(#2717),#2713,.T.);
#2713=PLANE('',#2714);
#2714=AXIS2_PLACEMENT_3D('',#170,#2715,#2716);
#2715=DIRECTION('',(-0.27934520945970903,0.9601907383181278,0));
#2716=DIRECTION('',(-0.1717407962357477,-0.04996399859186854,-0.9838743302642992));
#2717=FACE_BOUND('',#2718,.T.);
#2718=EDGE_LOOP('',(#2719,#2720,#2721));
#2719=ORIENTED_EDGE('',*,*,#2722,.T.);
#2720=ORIENTED_EDGE('',*,*,#2723,.T.);
#2721=ORIENTED_EDGE('',*,*,#2724,.T.);
#2722=EDGE_CURVE('',#171,#53,#2725,.F.);
#2723=EDGE_CURVE('',#53,#167,#2726,.T.);
#2724=EDGE_CURVE('',#167,#171,#2727,.T.);
#2725=LINE('',#170,#2728);
#2726=LINE('',#52,#2729);
#2727=LINE('',#166,#2730);
#2728=VECTOR('',#2731,1.0);
#2729=VECTOR('',#2732,1.0);
#2730=VECTOR('',#2733,1.0);
#2731=DIRECTION('',(-0.1717407962357477,-0.04996399859186854,-0.9838743302642992));
#2732=DIRECTION('',(0,0,1));
#2733=DIRECTION('',(0.9601907383181277,0.27934520945970903,0));
#2734=FACE_SURFACE('',(#2739),#2735,.T.);
#2735=PLANE('',#2736);
#2736=AXIS2_PLACEMENT_3D('',#110,#2737,#2738);
#2737=DIRECTION('',(-0,1,0));
#2738=DIRECTION('',(1,0,0));
#2739=FACE_BOUND('',#2740,.T.);
#2740=EDGE_LOOP('',(#2741,#2742,#2743));
#2741=ORIENTED_EDGE('',*,*,#2744,.T.);
#2742=ORIENTED_EDGE('',*,*,#2745,.T.);
#2743=ORIENTED_EDGE('',*,*,#2746,.T.);
#2744=EDGE_CURVE('',#111,#109,#2747,.F.);
#2745=EDGE_CURVE('',#109,#65,#2748,.T.);
#2746=EDGE_CURVE('',#65,#111,#2749,.T.);
#2747=LINE('',#110,#2750);
#2748=LINE('',#108,#2751);
#2749=LINE('',#64,#2752);
#2750=VECTOR('',#2753,1.0);
#2751=VECTOR('',#2754,1.0);
#2752=VECTOR('',#2755,1.0);
#2753=DIRECTION('',(1,0,0));
#2754=DIRECTION('',(-0.10360608018671238,0,-0.994618409315022));
#2755=DIRECTION('',(0,0,1));
#2756=FACE_SURFACE('',(#2761),#2757,.T.);
#2757=PLANE('',#2758);
#2758=AXIS2_PLACEMENT_3D('',#108,#2759,#2760);
#2759=DIRECTION('',(0,1,0));
#2760=DIRECTION('',(0,0,-1));
#2761=FACE_BOUND('',#2762,.T.);
#2762=EDGE_LOOP('',(#2763,#2764,#2765));
#2763=ORIENTED_EDGE('',*,*,#2766,.T.);
#2764=ORIENTED_EDGE('',*,*,#2767,.T.);
#2765=ORIENTED_EDGE('',*,*,#2768,.T.);
#2766=EDGE_CURVE('',#109,#67,#2769,.F.);
#2767=EDGE_CURVE('',#67,#65,#2770,.T.);
#2768=EDGE_CURVE('',#65,#109,#2771,.T.);
#2769=LINE('',#108,#2772);
#2770=LINE('',#66,#2773);
#2771=LINE('',#64,#2774);
#2772=VECTOR('',#2775,1.0);
#2773=VECTOR('',#2776,1.0);
#2774=VECTOR('',#2777,1.0);
#2775=DIRECTION('',(0,0,-1));
#2776=DIRECTION('',(-1,0,0));
#2777=DIRECTION('',(0.10360608018671238,0,0.994618409315022));
#2778=FACE_SURFACE('',(#2783),#2779,.T.);
#2779=PLANE('',#2780);
#2780=AXIS2_PLACEMENT_3D('',#130,#2781,#2782);
#2781=DIRECTION('',(-1,0,0));
#2782=DIRECTION('',(0,1,0));
#2783=FACE_BOUND('',#2784,.T.);
#2784=EDGE_LOOP('',(#2785,#2786,#2787));
#2785=ORIENTED_EDGE('',*,*,#2788,.T.);
#2786=ORIENTED_EDGE('',*,*,#2789,.T.);
#2787=ORIENTED_EDGE('',*,*,#2790,.T.);
#2788=EDGE_CURVE('',#131,#127,#2791,.F.);
#2789=EDGE_CURVE('',#127,#85,#2792,.T.);
#2790=EDGE_CURVE('',#85,#131,#2793,.T.);
#2791=LINE('',#130,#2794);
#2792=LINE('',#126,#2795);
#2793=LINE('',#84,#2796);
#2794=VECTOR('',#2797,1.0);
#2795=VECTOR('',#2798,1.0);
#2796=VECTOR('',#2799,1.0);
#2797=DIRECTION('',(0,1,0));
#2798=DIRECTION('',(0,-0.3846153715929778,-0.9230769285029259));
#2799=DIRECTION('',(0,0,1));
#2800=FACE_SURFACE('',(#2805),#2801,.T.);
#2801=PLANE('',#2802);
#2802=AXIS2_PLACEMENT_3D('',#126,#2803,#2804);
#2803=DIRECTION('',(-1,0,-0));
#2804=DIRECTION('',(0,0,-1));
#2805=FACE_BOUND('',#2806,.T.);
#2806=EDGE_LOOP('',(#2807,#2808,#2809));
#2807=ORIENTED_EDGE('',*,*,#2810,.T.);
#2808=ORIENTED_EDGE('',*,*,#2811,.T.);
#2809=ORIENTED_EDGE('',*,*,#2812,.T.);
#2810=EDGE_CURVE('',#127,#81,#2813,.F.);
#2811=EDGE_CURVE('',#81,#85,#2814,.T.);
#2812=EDGE_CURVE('',#85,#127,#2815,.T.);
#2813=LINE('',#126,#2816);
#2814=LINE('',#80,#2817);
#2815=LINE('',#84,#2818);
#2816=VECTOR('',#2819,1.0);
#2817=VECTOR('',#2820,1.0);
#2818=VECTOR('',#2821,1.0);
#2819=DIRECTION('',(0,0,-1));
#2820=DIRECTION('',(0,-1,0));
#2821=DIRECTION('',(0,0.3846153715929778,0.9230769285029259));
#2822=FACE_SURFACE('',(#2827),#2823,.T.);
#2823=PLANE('',#2824);
#2824=AXIS2_PLACEMENT_3D('',#108,#2825,#2826);
#2825=DIRECTION('',(1,0,0));
#2826=DIRECTION('',(0,-1,0));
#2827=FACE_BOUND('',#2828,.T.);
#2828=EDGE_LOOP('',(#2829,#2830,#2831));
#2829=ORIENTED_EDGE('',*,*,#2832,.T.);
#2830=ORIENTED_EDGE('',*,*,#2833,.T.);
#2831=ORIENTED_EDGE('',*,*,#2834,.T.);
#2832=EDGE_CURVE('',#109,#113,#2835,.F.);
#2833=EDGE_CURVE('',#113,#67,#2836,.T.);
#2834=EDGE_CURVE('',#67,#109,#2837,.T.);
#2835=LINE('',#108,#2838);
#2836=LINE('',#112,#2839);
#2837=LINE('',#66,#2840);
#2838=VECTOR('',#2841,1.0);
#2839=VECTOR('',#2842,1.0);
#2840=VECTOR('',#2843,1.0);
#2841=DIRECTION('',(0,-1,0));
#2842=DIRECTION('',(0,0.29827498233804633,-0.9544799814093736));
#2843=DIRECTION('',(0,0,1));
#2844=FACE_SURFACE('',(#2849),#2845,.T.);
#2845=PLANE('',#2846);
#2846=AXIS2_PLACEMENT_3D('',#112,#2847,#2848);
#2847=DIRECTION('',(1,0,0));
#2848=DIRECTION('',(0,0,-1));
#2849=FACE_BOUND('',#2850,.T.);
#2850=EDGE_LOOP('',(#2851,#2852,#2853));
#2851=ORIENTED_EDGE('',*,*,#2854,.T.);
#2852=ORIENTED_EDGE('',*,*,#2855,.T.);
#2853=ORIENTED_EDGE('',*,*,#2856,.T.);
#2854=EDGE_CURVE('',#113,#71,#2857,.F.);
#2855=EDGE_CURVE('',#71,#67,#2858,.T.);
#2856=EDGE_CURVE('',#67,#113,#2859,.T.);
#2857=LINE('',#112,#2860);
#2858=LINE('',#70,#2861);
#2859=LINE('',#66,#2862);
#2860=VECTOR('',#2863,1.0);
#2861=VECTOR('',#2864,1.0);
#2862=VECTOR('',#2865,1.0);
#2863=DIRECTION('',(0,0,-1));
#2864=DIRECTION('',(0,1,0));
#2865=DIRECTION('',(0,-0.29827498233804633,0.9544799814093736));
#2866=FACE_SURFACE('',(#2871),#2867,.T.);
#2867=PLANE('',#2868);
#2868=AXIS2_PLACEMENT_3D('',#138,#2869,#2870);
#2869=DIRECTION('',(1,0,0));
#2870=DIRECTION('',(0,-1,0));
#2871=FACE_BOUND('',#2872,.T.);
#2872=EDGE_LOOP('',(#2873,#2874,#2875));
#2873=ORIENTED_EDGE('',*,*,#2876,.T.);
#2874=ORIENTED_EDGE('',*,*,#2877,.T.);
#2875=ORIENTED_EDGE('',*,*,#2878,.T.);
#2876=EDGE_CURVE('',#139,#135,#2879,.F.);
#2877=EDGE_CURVE('',#135,#93,#2880,.T.);
#2878=EDGE_CURVE('',#93,#139,#2881,.T.);
#2879=LINE('',#138,#2882);
#2880=LINE('',#134,#2883);
#2881=LINE('',#92,#2884);
#2882=VECTOR('',#2885,1.0);
#2883=VECTOR('',#2886,1.0);
#2884=VECTOR('',#2887,1.0);
#2885=DIRECTION('',(0,-1,0));
#2886=DIRECTION('',(0,0.38461537159297743,-0.923076928502926));
#2887=DIRECTION('',(0,0,1));
#2888=FACE_SURFACE('',(#2893),#2889,.T.);
#2889=PLANE('',#2890);
#2890=AXIS2_PLACEMENT_3D('',#134,#2891,#2892);
#2891=DIRECTION('',(1,0,0));
#2892=DIRECTION('',(0,0,-1));
#2893=FACE_BOUND('',#2894,.T.);
#2894=EDGE_LOOP('',(#2895,#2896,#2897));
#2895=ORIENTED_EDGE('',*,*,#2898,.T.);
#2896=ORIENTED_EDGE('',*,*,#2899,.T.);
#2897=ORIENTED_EDGE('',*,*,#2900,.T.);
#2898=EDGE_CURVE('',#135,#89,#2901,.F.);
#2899=EDGE_CURVE('',#89,#93,#2902,.T.);
#2900=EDGE_CURVE('',#93,#135,#2903,.T.);
#2901=LINE('',#134,#2904);
#2902=LINE('',#88,#2905);
#2903=LINE('',#92,#2906);
#2904=VECTOR('',#2907,1.0);
#2905=VECTOR('',#2908,1.0);
#2906=VECTOR('',#2909,1.0);
#2907=DIRECTION('',(0,0,-1));
#2908=DIRECTION('',(0,1,0));
#2909=DIRECTION('',(0,-0.38461537159297743,0.923076928502926));
#2910=FACE_SURFACE('',(#2915),#2911,.T.);
#2911=PLANE('',#2912);
#2912=AXIS2_PLACEMENT_3D('',#112,#2913,#2914);
#2913=DIRECTION('',(-0,-1,-0));
#2914=DIRECTION('',(-1,0,0));
#2915=FACE_BOUND('',#2916,.T.);
#2916=EDGE_LOOP('',(#2917,#2918,#2919));
#2917=ORIENTED_EDGE('',*,*,#2920,.T.);
#2918=ORIENTED_EDGE('',*,*,#2921,.T.);
#2919=ORIENTED_EDGE('',*,*,#2922,.T.);
#2920=EDGE_CURVE('',#113,#117,#2923,.F.);
#2921=EDGE_CURVE('',#117,#71,#2924,.T.);
#2922=EDGE_CURVE('',#71,#113,#2925,.T.);
#2923=LINE('',#112,#2926);
#2924=LINE('',#116,#2927);
#2925=LINE('',#70,#2928);
#2926=VECTOR('',#2929,1.0);
#2927=VECTOR('',#2930,1.0);
#2928=VECTOR('',#2931,1.0);
#2929=DIRECTION('',(-1,0,0));
#2930=DIRECTION('',(0.7808688457695873,0,-0.6246950021462254));
#2931=DIRECTION('',(0,0,1));
#2932=FACE_SURFACE('',(#2937),#2933,.T.);
#2933=PLANE('',#2934);
#2934=AXIS2_PLACEMENT_3D('',#116,#2935,#2936);
#2935=DIRECTION('',(0,-1,0));
#2936=DIRECTION('',(0,0,-1));
#2937=FACE_BOUND('',#2938,.T.);
#2938=EDGE_LOOP('',(#2939,#2940,#2941));
#2939=ORIENTED_EDGE('',*,*,#2942,.T.);
#2940=ORIENTED_EDGE('',*,*,#2943,.T.);
#2941=ORIENTED_EDGE('',*,*,#2944,.T.);
#2942=EDGE_CURVE('',#117,#75,#2945,.F.);
#2943=EDGE_CURVE('',#75,#71,#2946,.T.);
#2944=EDGE_CURVE('',#71,#117,#2947,.T.);
#2945=LINE('',#116,#2948);
#2946=LINE('',#74,#2949);
#2947=LINE('',#70,#2950);
#2948=VECTOR('',#2951,1.0);
#2949=VECTOR('',#2952,1.0);
#2950=VECTOR('',#2953,1.0);
#2951=DIRECTION('',(0,0,-1));
#2952=DIRECTION('',(1,0,0));
#2953=DIRECTION('',(-0.7808688457695873,0,0.6246950021462254));
#2954=FACE_SURFACE('',(#2959),#2955,.T.);
#2955=PLANE('',#2956);
#2956=AXIS2_PLACEMENT_3D('',#134,#2957,#2958);
#2957=DIRECTION('',(3.336006684570783E-16,1,0));
#2958=DIRECTION('',(1,-3.336006684570783E-16,0));
#2959=FACE_BOUND('',#2960,.T.);
#2960=EDGE_LOOP('',(#2961,#2962,#2963));
#2961=ORIENTED_EDGE('',*,*,#2964,.T.);
#2962=ORIENTED_EDGE('',*,*,#2965,.T.);
#2963=ORIENTED_EDGE('',*,*,#2966,.T.);
#2964=EDGE_CURVE('',#135,#131,#2967,.F.);
#2965=EDGE_CURVE('',#131,#89,#2968,.T.);
#2966=EDGE_CURVE('',#89,#135,#2969,.T.);
#2967=LINE('',#134,#2970);
#2968=LINE('',#130,#2971);
#2969=LINE('',#88,#2972);
#2970=VECTOR('',#2973,1.0);
#2971=VECTOR('',#2974,1.0);
#2972=VECTOR('',#2975,1.0);
#2973=DIRECTION('',(1,-3.336006684570783E-16,0));
#2974=DIRECTION('',(-0.8044332556802011,2.6835947182401886E-16,-0.5940430431843742));
#2975=DIRECTION('',(0,0,1));
#2976=FACE_SURFACE('',(#2981),#2977,.T.);
#2977=PLANE('',#2978);
#2978=AXIS2_PLACEMENT_3D('',#130,#2979,#2980);
#2979=DIRECTION('',(3.336006684570783E-16,1,0));
#2980=DIRECTION('',(0,0,-1));
#2981=FACE_BOUND('',#2982,.T.);
#2982=EDGE_LOOP('',(#2983,#2984,#2985));
#2983=ORIENTED_EDGE('',*,*,#2986,.T.);
#2984=ORIENTED_EDGE('',*,*,#2987,.T.);
#2985=ORIENTED_EDGE('',*,*,#2988,.T.);
#2986=EDGE_CURVE('',#131,#85,#2989,.F.);
#2987=EDGE_CURVE('',#85,#89,#2990,.T.);
#2988=EDGE_CURVE('',#89,#131,#2991,.T.);
#2989=LINE('',#130,#2992);
#2990=LINE('',#84,#2993);
#2991=LINE('',#88,#2994);
#2992=VECTOR('',#2995,1.0);
#2993=VECTOR('',#2996,1.0);
#2994=VECTOR('',#2997,1.0);
#2995=DIRECTION('',(0,0,-1));
#2996=DIRECTION('',(-1,3.336006684570783E-16,0));
#2997=DIRECTION('',(0.8044332556802011,-2.6835947182401886E-16,0.5940430431843742));
#2998=FACE_SURFACE('',(#3003),#2999,.T.);
#2999=PLANE('',#3000);
#3000=AXIS2_PLACEMENT_3D('',#120,#3001,#3002);
#3001=DIRECTION('',(-0,-1,-0));
#3002=DIRECTION('',(-1,0,0));
#3003=FACE_BOUND('',#3004,.T.);
#3004=EDGE_LOOP('',(#3005,#3006,#3007));
#3005=ORIENTED_EDGE('',*,*,#3008,.T.);
#3006=ORIENTED_EDGE('',*,*,#3009,.T.);
#3007=ORIENTED_EDGE('',*,*,#3010,.T.);
#3008=EDGE_CURVE('',#121,#125,#3011,.F.);
#3009=EDGE_CURVE('',#125,#79,#3012,.T.);
#3010=EDGE_CURVE('',#79,#121,#3013,.T.);
#3011=LINE('',#120,#3014);
#3012=LINE('',#124,#3015);
#3013=LINE('',#78,#3016);
#3014=VECTOR('',#3017,1.0);
#3015=VECTOR('',#3018,1.0);
#3016=VECTOR('',#3019,1.0);
#3017=DIRECTION('',(-1,0,0));
#3018=DIRECTION('',(0.5723151220874396,0,-0.8200337804200746));
#3019=DIRECTION('',(0,0,1));
#3020=FACE_SURFACE('',(#3025),#3021,.T.);
#3021=PLANE('',#3022);
#3022=AXIS2_PLACEMENT_3D('',#124,#3023,#3024);
#3023=DIRECTION('',(0,-1,0));
#3024=DIRECTION('',(0,0,-1));
#3025=FACE_BOUND('',#3026,.T.);
#3026=EDGE_LOOP('',(#3027,#3028,#3029));
#3027=ORIENTED_EDGE('',*,*,#3030,.T.);
#3028=ORIENTED_EDGE('',*,*,#3031,.T.);
#3029=ORIENTED_EDGE('',*,*,#3032,.T.);
#3030=EDGE_CURVE('',#125,#83,#3033,.F.);
#3031=EDGE_CURVE('',#83,#79,#3034,.T.);
#3032=EDGE_CURVE('',#79,#125,#3035,.T.);
#3033=LINE('',#124,#3036);
#3034=LINE('',#82,#3037);
#3035=LINE('',#78,#3038);
#3036=VECTOR('',#3039,1.0);
#3037=VECTOR('',#3040,1.0);
#3038=VECTOR('',#3041,1.0);
#3039=DIRECTION('',(0,0,-1));
#3040=DIRECTION('',(1,0,0));
#3041=DIRECTION('',(-0.5723151220874396,0,0.8200337804200746));
#3042=FACE_SURFACE('',(#3047),#3043,.T.);
#3043=PLANE('',#3044);
#3044=AXIS2_PLACEMENT_3D('',#116,#3045,#3046);
#3045=DIRECTION('',(-1,0,0));
#3046=DIRECTION('',(0,1,0));
#3047=FACE_BOUND('',#3048,.T.);
#3048=EDGE_LOOP('',(#3049,#3050,#3051));
#3049=ORIENTED_EDGE('',*,*,#3052,.T.);
#3050=ORIENTED_EDGE('',*,*,#3053,.T.);
#3051=ORIENTED_EDGE('',*,*,#3054,.T.);
#3052=EDGE_CURVE('',#117,#121,#3055,.F.);
#3053=EDGE_CURVE('',#121,#75,#3056,.T.);
#3054=EDGE_CURVE('',#75,#117,#3057,.T.);
#3055=LINE('',#116,#3058);
#3056=LINE('',#120,#3059);
#3057=LINE('',#74,#3060);
#3058=VECTOR('',#3061,1.0);
#3059=VECTOR('',#3062,1.0);
#3060=VECTOR('',#3063,1.0);
#3061=DIRECTION('',(0,1,0));
#3062=DIRECTION('',(0,-0.38461537159297743,-0.923076928502926));
#3063=DIRECTION('',(0,0,1));
#3064=FACE_SURFACE('',(#3069),#3065,.T.);
#3065=PLANE('',#3066);
#3066=AXIS2_PLACEMENT_3D('',#120,#3067,#3068);
#3067=DIRECTION('',(-1,0,-0));
#3068=DIRECTION('',(0,0,-1));
#3069=FACE_BOUND('',#3070,.T.);
#3070=EDGE_LOOP('',(#3071,#3072,#3073));
#3071=ORIENTED_EDGE('',*,*,#3074,.T.);
#3072=ORIENTED_EDGE('',*,*,#3075,.T.);
#3073=ORIENTED_EDGE('',*,*,#3076,.T.);
#3074=EDGE_CURVE('',#121,#79,#3077,.F.);
#3075=EDGE_CURVE('',#79,#75,#3078,.T.);
#3076=EDGE_CURVE('',#75,#121,#3079,.T.);
#3077=LINE('',#120,#3080);
#3078=LINE('',#78,#3081);
#3079=LINE('',#74,#3082);
#3080=VECTOR('',#3083,1.0);
#3081=VECTOR('',#3084,1.0);
#3082=VECTOR('',#3085,1.0);
#3083=DIRECTION('',(0,0,-1));
#3084=DIRECTION('',(0,-1,0));
#3085=DIRECTION('',(0,0.38461537159297743,0.923076928502926));
#3086=FACE_SURFACE('',(#3091),#3087,.T.);
#3087=PLANE('',#3088);
#3088=AXIS2_PLACEMENT_3D('',#126,#3089,#3090);
#3089=DIRECTION('',(-0,1,0));
#3090=DIRECTION('',(1,0,0));
#3091=FACE_BOUND('',#3092,.T.);
#3092=EDGE_LOOP('',(#3093,#3094,#3095));
#3093=ORIENTED_EDGE('',*,*,#3096,.T.);
#3094=ORIENTED_EDGE('',*,*,#3097,.T.);
#3095=ORIENTED_EDGE('',*,*,#3098,.T.);
#3096=EDGE_CURVE('',#127,#123,#3099,.F.);
#3097=EDGE_CURVE('',#123,#81,#3100,.T.);
#3098=EDGE_CURVE('',#81,#127,#3101,.T.);
#3099=LINE('',#126,#3102);
#3100=LINE('',#122,#3103);
#3101=LINE('',#80,#3104);
#3102=VECTOR('',#3105,1.0);
#3103=VECTOR('',#3106,1.0);
#3104=VECTOR('',#3107,1.0);
#3105=DIRECTION('',(1,0,0));
#3106=DIRECTION('',(-0.6715193615878068,0,-0.7409870086666193));
#3107=DIRECTION('',(0,0,1));
#3108=FACE_SURFACE('',(#3113),#3109,.T.);
#3109=PLANE('',#3110);
#3110=AXIS2_PLACEMENT_3D('',#122,#3111,#3112);
#3111=DIRECTION('',(0,1,0));
#3112=DIRECTION('',(0,0,-1));
#3113=FACE_BOUND('',#3114,.T.);
#3114=EDGE_LOOP('',(#3115,#3116,#3117));
#3115=ORIENTED_EDGE('',*,*,#3118,.T.);
#3116=ORIENTED_EDGE('',*,*,#3119,.T.);
#3117=ORIENTED_EDGE('',*,*,#3120,.T.);
#3118=EDGE_CURVE('',#123,#77,#3121,.F.);
#3119=EDGE_CURVE('',#77,#81,#3122,.T.);
#3120=EDGE_CURVE('',#81,#123,#3123,.T.);
#3121=LINE('',#122,#3124);
#3122=LINE('',#76,#3125);
#3123=LINE('',#80,#3126);
#3124=VECTOR('',#3127,1.0);
#3125=VECTOR('',#3128,1.0);
#3126=VECTOR('',#3129,1.0);
#3127=DIRECTION('',(0,0,-1));
#3128=DIRECTION('',(-1,0,0));
#3129=DIRECTION('',(0.6715193615878068,0,0.7409870086666193));
#3130=FACE_SURFACE('',(#3135),#3131,.T.);
#3131=PLANE('',#3132);
#3132=AXIS2_PLACEMENT_3D('',#118,#3133,#3134);
#3133=DIRECTION('',(-4.770488649037719E-16,1,0));
#3134=DIRECTION('',(1,4.770488649037719E-16,0));
#3135=FACE_BOUND('',#3136,.T.);
#3136=EDGE_LOOP('',(#3137,#3138,#3139));
#3137=ORIENTED_EDGE('',*,*,#3140,.T.);
#3138=ORIENTED_EDGE('',*,*,#3141,.T.);
#3139=ORIENTED_EDGE('',*,*,#3142,.T.);
#3140=EDGE_CURVE('',#119,#115,#3143,.F.);
#3141=EDGE_CURVE('',#115,#73,#3144,.T.);
#3142=EDGE_CURVE('',#73,#119,#3145,.T.);
#3143=LINE('',#118,#3146);
#3144=LINE('',#114,#3147);
#3145=LINE('',#72,#3148);
#3146=VECTOR('',#3149,1.0);
#3147=VECTOR('',#3150,1.0);
#3148=VECTOR('',#3151,1.0);
#3149=DIRECTION('',(1,4.770488649037719E-16,0));
#3150=DIRECTION('',(-0.7213873732730188,-3.4413702757580726E-16,-0.6925317737708894));
#3151=DIRECTION('',(0,0,1));
#3152=FACE_SURFACE('',(#3157),#3153,.T.);
#3153=PLANE('',#3154);
#3154=AXIS2_PLACEMENT_3D('',#114,#3155,#3156);
#3155=DIRECTION('',(-4.770488649037719E-16,1,0));
#3156=DIRECTION('',(0,0,-1));
#3157=FACE_BOUND('',#3158,.T.);
#3158=EDGE_LOOP('',(#3159,#3160,#3161));
#3159=ORIENTED_EDGE('',*,*,#3162,.T.);
#3160=ORIENTED_EDGE('',*,*,#3163,.T.);
#3161=ORIENTED_EDGE('',*,*,#3164,.T.);
#3162=EDGE_CURVE('',#115,#69,#3165,.F.);
#3163=EDGE_CURVE('',#69,#73,#3166,.T.);
#3164=EDGE_CURVE('',#73,#115,#3167,.T.);
#3165=LINE('',#114,#3168);
#3166=LINE('',#68,#3169);
#3167=LINE('',#72,#3170);
#3168=VECTOR('',#3171,1.0);
#3169=VECTOR('',#3172,1.0);
#3170=VECTOR('',#3173,1.0);
#3171=DIRECTION('',(0,0,-1));
#3172=DIRECTION('',(-1,-4.770488649037719E-16,0));
#3173=DIRECTION('',(0.7213873732730188,3.4413702757580726E-16,0.6925317737708894));
#3174=FACE_SURFACE('',(#3179),#3175,.T.);
#3175=PLANE('',#3176);
#3176=AXIS2_PLACEMENT_3D('',#162,#3177,#3178);
#3177=DIRECTION('',(-1,0,0));
#3178=DIRECTION('',(0,1,0));
#3179=FACE_BOUND('',#3180,.T.);
#3180=EDGE_LOOP('',(#3181,#3182,#3183));
#3181=ORIENTED_EDGE('',*,*,#3184,.T.);
#3182=ORIENTED_EDGE('',*,*,#3185,.T.);
#3183=ORIENTED_EDGE('',*,*,#3186,.T.);
#3184=EDGE_CURVE('',#163,#167,#3187,.F.);
#3185=EDGE_CURVE('',#167,#49,#3188,.T.);
#3186=EDGE_CURVE('',#49,#163,#3189,.T.);
#3187=LINE('',#162,#3190);
#3188=LINE('',#166,#3191);
#3189=LINE('',#48,#3192);
#3190=VECTOR('',#3193,1.0);
#3191=VECTOR('',#3194,1.0);
#3192=VECTOR('',#3195,1.0);
#3193=DIRECTION('',(0,1,0));
#3194=DIRECTION('',(0,-0.384615371592978,-0.9230769285029257));
#3195=DIRECTION('',(0,0,1));
#3196=FACE_SURFACE('',(#3201),#3197,.T.);
#3197=PLANE('',#3198);
#3198=AXIS2_PLACEMENT_3D('',#166,#3199,#3200);
#3199=DIRECTION('',(-1,0,-0));
#3200=DIRECTION('',(0,0,-1));
#3201=FACE_BOUND('',#3202,.T.);
#3202=EDGE_LOOP('',(#3203,#3204,#3205));
#3203=ORIENTED_EDGE('',*,*,#3206,.T.);
#3204=ORIENTED_EDGE('',*,*,#3207,.T.);
#3205=ORIENTED_EDGE('',*,*,#3208,.T.);
#3206=EDGE_CURVE('',#167,#53,#3209,.F.);
#3207=EDGE_CURVE('',#53,#49,#3210,.T.);
#3208=EDGE_CURVE('',#49,#167,#3211,.T.);
#3209=LINE('',#166,#3212);
#3210=LINE('',#52,#3213);
#3211=LINE('',#48,#3214);
#3212=VECTOR('',#3215,1.0);
#3213=VECTOR('',#3216,1.0);
#3214=VECTOR('',#3217,1.0);
#3215=DIRECTION('',(0,0,-1));
#3216=DIRECTION('',(0,-1,0));
#3217=DIRECTION('',(0,0.384615371592978,0.9230769285029257));
#3218=FACE_SURFACE('',(#3223),#3219,.T.);
#3219=PLANE('',#3220);
#3220=AXIS2_PLACEMENT_3D('',#122,#3221,#3222);
#3221=DIRECTION('',(1,0,0));
#3222=DIRECTION('',(0,-1,0));
#3223=FACE_BOUND('',#3224,.T.);
#3224=EDGE_LOOP('',(#3225,#3226,#3227));
#3225=ORIENTED_EDGE('',*,*,#3228,.T.);
#3226=ORIENTED_EDGE('',*,*,#3229,.T.);
#3227=ORIENTED_EDGE('',*,*,#3230,.T.);
#3228=EDGE_CURVE('',#123,#119,#3231,.F.);
#3229=EDGE_CURVE('',#119,#77,#3232,.T.);
#3230=EDGE_CURVE('',#77,#123,#3233,.T.);
#3231=LINE('',#122,#3234);
#3232=LINE('',#118,#3235);
#3233=LINE('',#76,#3236);
#3234=VECTOR('',#3237,1.0);
#3235=VECTOR('',#3238,1.0);
#3236=VECTOR('',#3239,1.0);
#3237=DIRECTION('',(0,-1,0));
#3238=DIRECTION('',(0,0.38461537159297743,-0.923076928502926));
#3239=DIRECTION('',(0,0,1));
#3240=FACE_SURFACE('',(#3245),#3241,.T.);
#3241=PLANE('',#3242);
#3242=AXIS2_PLACEMENT_3D('',#118,#3243,#3244);
#3243=DIRECTION('',(1,0,0));
#3244=DIRECTION('',(0,0,-1));
#3245=FACE_BOUND('',#3246,.T.);
#3246=EDGE_LOOP('',(#3247,#3248,#3249));
#3247=ORIENTED_EDGE('',*,*,#3250,.T.);
#3248=ORIENTED_EDGE('',*,*,#3251,.T.);
#3249=ORIENTED_EDGE('',*,*,#3252,.T.);
#3250=EDGE_CURVE('',#119,#73,#3253,.F.);
#3251=EDGE_CURVE('',#73,#77,#3254,.T.);
#3252=EDGE_CURVE('',#77,#119,#3255,.T.);
#3253=LINE('',#118,#3256);
#3254=LINE('',#72,#3257);
#3255=LINE('',#76,#3258);
#3256=VECTOR('',#3259,1.0);
#3257=VECTOR('',#3260,1.0);
#3258=VECTOR('',#3261,1.0);
#3259=DIRECTION('',(0,0,-1));
#3260=DIRECTION('',(0,1,0));
#3261=DIRECTION('',(0,-0.38461537159297743,0.923076928502926));
#3262=FACE_SURFACE('',(#3267),#3263,.T.);
#3263=PLANE('',#3264);
#3264=AXIS2_PLACEMENT_3D('',#158,#3265,#3266);
#3265=DIRECTION('',(5.337610695313252E-16,1,0));
#3266=DIRECTION('',(1,-5.337610695313252E-16,0));
#3267=FACE_BOUND('',#3268,.T.);
#3268=EDGE_LOOP('',(#3269,#3270,#3271));
#3269=ORIENTED_EDGE('',*,*,#3272,.T.);
#3270=ORIENTED_EDGE('',*,*,#3273,.T.);
#3271=ORIENTED_EDGE('',*,*,#3274,.T.);
#3272=EDGE_CURVE('',#159,#163,#3275,.F.);
#3273=EDGE_CURVE('',#163,#45,#3276,.T.);
#3274=EDGE_CURVE('',#45,#159,#3277,.T.);
#3275=LINE('',#158,#3278);
#3276=LINE('',#162,#3279);
#3277=LINE('',#44,#3280);
#3278=VECTOR('',#3281,1.0);
#3279=VECTOR('',#3282,1.0);
#3280=VECTOR('',#3283,1.0);
#3281=DIRECTION('',(1,-5.337610695313252E-16,0));
#3282=DIRECTION('',(-0.8044332556802011,4.293751549184302E-16,-0.5940430431843742));
#3283=DIRECTION('',(0,0,1));
#3284=FACE_SURFACE('',(#3289),#3285,.T.);
#3285=PLANE('',#3286);
#3286=AXIS2_PLACEMENT_3D('',#162,#3287,#3288);
#3287=DIRECTION('',(5.337610695313252E-16,1,0));
#3288=DIRECTION('',(0,0,-1));
#3289=FACE_BOUND('',#3290,.T.);
#3290=EDGE_LOOP('',(#3291,#3292,#3293));
#3291=ORIENTED_EDGE('',*,*,#3294,.T.);
#3292=ORIENTED_EDGE('',*,*,#3295,.T.);
#3293=ORIENTED_EDGE('',*,*,#3296,.T.);
#3294=EDGE_CURVE('',#163,#49,#3297,.F.);
#3295=EDGE_CURVE('',#49,#45,#3298,.T.);
#3296=EDGE_CURVE('',#45,#163,#3299,.T.);
#3297=LINE('',#162,#3300);
#3298=LINE('',#48,#3301);
#3299=LINE('',#44,#3302);
#3300=VECTOR('',#3303,1.0);
#3301=VECTOR('',#3304,1.0);
#3302=VECTOR('',#3305,1.0);
#3303=DIRECTION('',(0,0,-1));
#3304=DIRECTION('',(-1,5.337610695313252E-16,0));
#3305=DIRECTION('',(0.8044332556802011,-4.293751549184302E-16,0.5940430431843742));
#3306=FACE_SURFACE('',(#3311),#3307,.T.);
#3307=PLANE('',#3308);
#3308=AXIS2_PLACEMENT_3D('',#154,#3309,#3310);
#3309=DIRECTION('',(1,0,0));
#3310=DIRECTION('',(0,-1,0));
#3311=FACE_BOUND('',#3312,.T.);
#3312=EDGE_LOOP('',(#3313,#3314,#3315));
#3313=ORIENTED_EDGE('',*,*,#3316,.T.);
#3314=ORIENTED_EDGE('',*,*,#3317,.T.);
#3315=ORIENTED_EDGE('',*,*,#3318,.T.);
#3316=EDGE_CURVE('',#155,#159,#3319,.F.);
#3317=EDGE_CURVE('',#159,#41,#3320,.T.);
#3318=EDGE_CURVE('',#41,#155,#3321,.T.);
#3319=LINE('',#154,#3322);
#3320=LINE('',#158,#3323);
#3321=LINE('',#40,#3324);
#3322=VECTOR('',#3325,1.0);
#3323=VECTOR('',#3326,1.0);
#3324=VECTOR('',#3327,1.0);
#3325=DIRECTION('',(0,-1,0));
#3326=DIRECTION('',(0,0.38461537159297743,-0.923076928502926));
#3327=DIRECTION('',(0,0,1));
#3328=FACE_SURFACE('',(#3333),#3329,.T.);
#3329=PLANE('',#3330);
#3330=AXIS2_PLACEMENT_3D('',#158,#3331,#3332);
#3331=DIRECTION('',(1,0,0));
#3332=DIRECTION('',(0,0,-1));
#3333=FACE_BOUND('',#3334,.T.);
#3334=EDGE_LOOP('',(#3335,#3336,#3337));
#3335=ORIENTED_EDGE('',*,*,#3338,.T.);
#3336=ORIENTED_EDGE('',*,*,#3339,.T.);
#3337=ORIENTED_EDGE('',*,*,#3340,.T.);
#3338=EDGE_CURVE('',#159,#45,#3341,.F.);
#3339=EDGE_CURVE('',#45,#41,#3342,.T.);
#3340=EDGE_CURVE('',#41,#159,#3343,.T.);
#3341=LINE('',#158,#3344);
#3342=LINE('',#44,#3345);
#3343=LINE('',#40,#3346);
#3344=VECTOR('',#3347,1.0);
#3345=VECTOR('',#3348,1.0);
#3346=VECTOR('',#3349,1.0);
#3347=DIRECTION('',(0,0,-1));
#3348=DIRECTION('',(0,1,0));
#3349=DIRECTION('',(0,-0.38461537159297743,0.923076928502926));
ENDSEC;
END-ISO-10303-21;
