ISO-10303-21;
HEADER;
FILE_DESCRIPTION((''),'2;1');
FILE_NAME('Clip3n20', '2026-04-23T08:42:31', (''), (''), 'ImageToStl.com STEP Converter','', '');
FILE_SCHEMA(('AUTOMOTIVE_DESIGN_CC2'));
ENDSEC;
DATA;
#1=PRODUCT_DEFINITION_CONTEXT('',#4,'design');
#2=APPLICATION_PROTOCOL_DEFINITION('INTERNATIONAL STANDARD','automotive_design',1994,#4);
#3=(GEOMETRIC_REPRESENTATION_CONTEXT(3)GLOBAL_UNCERTAINTY_ASSIGNED_CONTEXT((#5))GLOBAL_UNIT_ASSIGNED_CONTEXT((#6,#7,#8))REPRESENTATION_CONTEXT('NONE','WORKSPACE'));
#4=APPLICATION_CONTEXT(' ');
#5=UNCERTAINTY_MEASURE_WITH_UNIT(LENGTH_MEASURE(1.0E-006),#6,'','');
#6=(CONVERSION_BASED_UNIT('METRE',#10)LENGTH_UNIT()NAMED_UNIT(#11));
#7=(NAMED_UNIT(#12)PLANE_ANGLE_UNIT()SI_UNIT($,.RADIAN.));
#8=(NAMED_UNIT(#12)SOLID_ANGLE_UNIT()SI_UNIT($,.STERADIAN.));
#9=AXIS2_PLACEMENT_3D('',#14,#15,#16);
#10=LENGTH_MEASURE_WITH_UNIT(LENGTH_MEASURE(1.0),#17);
#11=DIMENSIONAL_EXPONENTS(1.0,0.0,0.0,0.0,0.0,0.0,0.0);
#12=DIMENSIONAL_EXPONENTS(0.0,0.0,0.0,0.0,0.0,0.0,0.0);
#13=PRODUCT_CONTEXT('',#4,'mechanical');
#14=CARTESIAN_POINT('',(0.0,0.0,0.0));
#15=DIRECTION('',(0.0,0.0,1.0));
#16=DIRECTION('',(1.0,0.0,0.0));
#17=(NAMED_UNIT(#11)LENGTH_UNIT()SI_UNIT(.MILLI.,.METRE.));
#18=PRESENTATION_STYLE_ASSIGNMENT((#19));
#19=SURFACE_STYLE_USAGE(.BOTH.,#20);
#20=SURFACE_SIDE_STYLE('',(#21));
#21=SURFACE_STYLE_FILL_AREA(#22);
#22=FILL_AREA_STYLE('',(#23));
#23=FILL_AREA_STYLE_COLOUR('',#24);
#24=COLOUR_RGB('',0.85,0.85,0.85);
#25=SHAPE_DEFINITION_REPRESENTATION(#26,#27);
#26=PRODUCT_DEFINITION_SHAPE('productshape0','',#30);
#27=MANIFOLD_SURFACE_SHAPE_REPRESENTATION('',(#28,#9),#3);
#28=SHELL_BASED_SURFACE_MODEL('shell0',(#33));
#29=PRODUCT('product0','','',(#13));
#30=PRODUCT_DEFINITION('mesh0','',#31,#2);
#31=PRODUCT_DEFINITION_FORMATION_WITH_SPECIFIED_SOURCE('prodsource0','',#29,.NOT_KNOWN.);
#32=STYLED_ITEM('',(#18),#33);
#33=CLOSED_SHELL('',(#186,#208,#230,#252,#274,#296,#318,#340,#362,#384,#406,#428,#450,#472,#494,#516,#538,#560,#582,#604,#626,#648,#670,#692,#714,#736,#758,#780,#802,#824,#846,#868,#890,#912,#934,#956,#978,#1000,#1022,#1044,#1066,#1088,#1110,#1132,#1154,#1176,#1198,#1220,#1242,#1264,#1286,#1308,#1330,#1352,#1374,#1396,#1418,#1440,#1462,#1484,#1506,#1528,#1550,#1572,#1594,#1616,#1638,#1660,#1682,#1704,#1726,#1748,#1770,#1792,#1814,#1836,#1858,#1880,#1902,#1924,#1946,#1968,#1990,#2012,#2034,#2056,#2078,#2100,#2122,#2144,#2166,#2188,#2210,#2232,#2254,#2276,#2298,#2320,#2342,#2364,#2386,#2408,#2430,#2452,#2474,#2496,#2518,#2540,#2562,#2584,#2606,#2628,#2650,#2672,#2694,#2716,#2738,#2760,#2782,#2804,#2826,#2848,#2870,#2892,#2914,#2936,#2958,#2980,#3002,#3024,#3046,#3068,#3090,#3112,#3134,#3156,#3178,#3200,#3222,#3244,#3266,#3288,#3310,#3332,#3354,#3376,#3398,#3420));
#34=CARTESIAN_POINT('',(-30,1.75,0));
#35=VERTEX_POINT('',#34);
#36=CARTESIAN_POINT('',(-30,2.25,0));
#37=VERTEX_POINT('',#36);
#38=CARTESIAN_POINT('',(-23.75,1.534523844718933,0));
#39=VERTEX_POINT('',#38);
#40=CARTESIAN_POINT('',(-23.25,2,0));
#41=VERTEX_POINT('',#40);
#42=CARTESIAN_POINT('',(-23.75,-0.5,0));
#43=VERTEX_POINT('',#42);
#44=CARTESIAN_POINT('',(-23.25,0,0));
#45=VERTEX_POINT('',#44);
#46=CARTESIAN_POINT('',(-16.25,-0.5,0));
#47=VERTEX_POINT('',#46);
#48=CARTESIAN_POINT('',(-16.75,0,0));
#49=VERTEX_POINT('',#48);
#50=CARTESIAN_POINT('',(-16.25,1.534523844718933,0));
#51=VERTEX_POINT('',#50);
#52=CARTESIAN_POINT('',(-16.75,2,0));
#53=VERTEX_POINT('',#52);
#54=CARTESIAN_POINT('',(-10,1.75,0));
#55=VERTEX_POINT('',#54);
#56=CARTESIAN_POINT('',(-10,2.25,0));
#57=VERTEX_POINT('',#56);
#58=CARTESIAN_POINT('',(-3.75,1.534523844718933,0));
#59=VERTEX_POINT('',#58);
#60=CARTESIAN_POINT('',(-3.25,2,0));
#61=VERTEX_POINT('',#60);
#62=CARTESIAN_POINT('',(-3.75,-0.5,0));
#63=VERTEX_POINT('',#62);
#64=CARTESIAN_POINT('',(-3.25,0,0));
#65=VERTEX_POINT('',#64);
#66=CARTESIAN_POINT('',(3.75,-0.5,0));
#67=VERTEX_POINT('',#66);
#68=CARTESIAN_POINT('',(3.25,-2.1684043449710089E-16,0));
#69=VERTEX_POINT('',#68);
#70=CARTESIAN_POINT('',(3.75,1.534523844718933,0));
#71=VERTEX_POINT('',#70);
#72=CARTESIAN_POINT('',(3.25,2,0));
#73=VERTEX_POINT('',#72);
#74=CARTESIAN_POINT('',(10,1.75,0));
#75=VERTEX_POINT('',#74);
#76=CARTESIAN_POINT('',(10,2.25,0));
#77=VERTEX_POINT('',#76);
#78=CARTESIAN_POINT('',(16.25,1.534523844718933,0));
#79=VERTEX_POINT('',#78);
#80=CARTESIAN_POINT('',(16.75,2,0));
#81=VERTEX_POINT('',#80);
#82=CARTESIAN_POINT('',(16.25,-0.5,0));
#83=VERTEX_POINT('',#82);
#84=CARTESIAN_POINT('',(16.75,0,0));
#85=VERTEX_POINT('',#84);
#86=CARTESIAN_POINT('',(23.75,-0.5,0));
#87=VERTEX_POINT('',#86);
#88=CARTESIAN_POINT('',(23.25,2.927345865710862E-15,0));
#89=VERTEX_POINT('',#88);
#90=CARTESIAN_POINT('',(23.75,1.534523844718933,0));
#91=VERTEX_POINT('',#90);
#92=CARTESIAN_POINT('',(23.25,2,0));
#93=VERTEX_POINT('',#92);
#94=CARTESIAN_POINT('',(29.5,1.7486226558685303,0));
#95=VERTEX_POINT('',#94);
#96=CARTESIAN_POINT('',(30,2.25,0));
#97=VERTEX_POINT('',#96);
#98=CARTESIAN_POINT('',(29.5,-0.5,0));
#99=VERTEX_POINT('',#98);
#100=CARTESIAN_POINT('',(30,0,0));
#101=VERTEX_POINT('',#100);
#102=CARTESIAN_POINT('',(35.5,-0.5,0));
#103=VERTEX_POINT('',#102);
#104=CARTESIAN_POINT('',(35,4.3368086899420177E-16,0));
#105=VERTEX_POINT('',#104);
#106=CARTESIAN_POINT('',(35.5,1.25,0));
#107=VERTEX_POINT('',#106);
#108=CARTESIAN_POINT('',(35,1.25,0));
#109=VERTEX_POINT('',#108);
#110=CARTESIAN_POINT('',(35.5,1.25,4.800000190734863));
#111=VERTEX_POINT('',#110);
#112=CARTESIAN_POINT('',(35,1.25,4.800000190734863));
#113=VERTEX_POINT('',#112);
#114=CARTESIAN_POINT('',(35.5,-0.5,4.800000190734863));
#115=VERTEX_POINT('',#114);
#116=CARTESIAN_POINT('',(35,4.3368086899420177E-16,4.800000190734863));
#117=VERTEX_POINT('',#116);
#118=CARTESIAN_POINT('',(29.5,-0.5,4.800000190734863));
#119=VERTEX_POINT('',#118);
#120=CARTESIAN_POINT('',(30,0,4.800000190734863));
#121=VERTEX_POINT('',#120);
#122=CARTESIAN_POINT('',(29.5,1.7486226558685303,4.800000190734863));
#123=VERTEX_POINT('',#122);
#124=CARTESIAN_POINT('',(30,2.25,4.800000190734863));
#125=VERTEX_POINT('',#124);
#126=CARTESIAN_POINT('',(23.75,1.534523844718933,4.800000190734863));
#127=VERTEX_POINT('',#126);
#128=CARTESIAN_POINT('',(23.25,2,4.800000190734863));
#129=VERTEX_POINT('',#128);
#130=CARTESIAN_POINT('',(23.75,-0.5,4.800000190734863));
#131=VERTEX_POINT('',#130);
#132=CARTESIAN_POINT('',(23.25,2.927345865710862E-15,4.800000190734863));
#133=VERTEX_POINT('',#132);
#134=CARTESIAN_POINT('',(16.25,-0.5,4.800000190734863));
#135=VERTEX_POINT('',#134);
#136=CARTESIAN_POINT('',(16.75,0,4.800000190734863));
#137=VERTEX_POINT('',#136);
#138=CARTESIAN_POINT('',(16.25,1.534523844718933,4.800000190734863));
#139=VERTEX_POINT('',#138);
#140=CARTESIAN_POINT('',(16.75,2,4.800000190734863));
#141=VERTEX_POINT('',#140);
#142=CARTESIAN_POINT('',(10,1.75,4.800000190734863));
#143=VERTEX_POINT('',#142);
#144=CARTESIAN_POINT('',(10,2.25,4.800000190734863));
#145=VERTEX_POINT('',#144);
#146=CARTESIAN_POINT('',(3.75,1.534523844718933,4.800000190734863));
#147=VERTEX_POINT('',#146);
#148=CARTESIAN_POINT('',(3.25,2,4.800000190734863));
#149=VERTEX_POINT('',#148);
#150=CARTESIAN_POINT('',(3.75,-0.5,4.800000190734863));
#151=VERTEX_POINT('',#150);
#152=CARTESIAN_POINT('',(3.25,-2.1684043449710089E-16,4.800000190734863));
#153=VERTEX_POINT('',#152);
#154=CARTESIAN_POINT('',(-3.75,-0.5,4.800000190734863));
#155=VERTEX_POINT('',#154);
#156=CARTESIAN_POINT('',(-3.25,0,4.800000190734863));
#157=VERTEX_POINT('',#156);
#158=CARTESIAN_POINT('',(-3.75,1.534523844718933,4.800000190734863));
#159=VERTEX_POINT('',#158);
#160=CARTESIAN_POINT('',(-3.25,2,4.800000190734863));
#161=VERTEX_POINT('',#160);
#162=CARTESIAN_POINT('',(-10,1.75,4.800000190734863));
#163=VERTEX_POINT('',#162);
#164=CARTESIAN_POINT('',(-10,2.25,4.800000190734863));
#165=VERTEX_POINT('',#164);
#166=CARTESIAN_POINT('',(-16.25,1.534523844718933,4.800000190734863));
#167=VERTEX_POINT('',#166);
#168=CARTESIAN_POINT('',(-16.75,2,4.800000190734863));
#169=VERTEX_POINT('',#168);
#170=CARTESIAN_POINT('',(-16.25,-0.5,4.800000190734863));
#171=VERTEX_POINT('',#170);
#172=CARTESIAN_POINT('',(-16.75,0,4.800000190734863));
#173=VERTEX_POINT('',#172);
#174=CARTESIAN_POINT('',(-23.75,-0.5,4.800000190734863));
#175=VERTEX_POINT('',#174);
#176=CARTESIAN_POINT('',(-23.25,0,4.800000190734863));
#177=VERTEX_POINT('',#176);
#178=CARTESIAN_POINT('',(-23.75,1.534523844718933,4.800000190734863));
#179=VERTEX_POINT('',#178);
#180=CARTESIAN_POINT('',(-23.25,2,4.800000190734863));
#181=VERTEX_POINT('',#180);
#182=CARTESIAN_POINT('',(-30,1.75,4.800000190734863));
#183=VERTEX_POINT('',#182);
#184=CARTESIAN_POINT('',(-30,2.25,4.800000190734863));
#185=VERTEX_POINT('',#184);
#186=FACE_SURFACE('',(#191),#187,.T.);
#187=PLANE('',#188);
#188=AXIS2_PLACEMENT_3D('',#34,#189,#190);
#189=DIRECTION('',(0,0,-1));
#190=DIRECTION('',(0,1,0));
#191=FACE_BOUND('',#192,.T.);
#192=EDGE_LOOP('',(#193,#194,#195));
#193=ORIENTED_EDGE('',*,*,#196,.T.);
#194=ORIENTED_EDGE('',*,*,#197,.T.);
#195=ORIENTED_EDGE('',*,*,#198,.T.);
#196=EDGE_CURVE('',#35,#37,#199,.F.);
#197=EDGE_CURVE('',#37,#39,#200,.T.);
#198=EDGE_CURVE('',#39,#35,#201,.T.);
#199=LINE('',#34,#202);
#200=LINE('',#36,#203);
#201=LINE('',#38,#204);
#202=VECTOR('',#205,1.0);
#203=VECTOR('',#206,1.0);
#204=VECTOR('',#207,1.0);
#205=DIRECTION('',(0,1,0));
#206=DIRECTION('',(0.9935113071098894,-0.11373338403828016,0));
#207=DIRECTION('',(-0.9994062256103091,0.03445571376935551,0));
#208=FACE_SURFACE('',(#213),#209,.T.);
#209=PLANE('',#210);
#210=AXIS2_PLACEMENT_3D('',#36,#211,#212);
#211=DIRECTION('',(0,0,-1));
#212=DIRECTION('',(0.9993148337667671,-0.037011660509880265,0));
#213=FACE_BOUND('',#214,.T.);
#214=EDGE_LOOP('',(#215,#216,#217));
#215=ORIENTED_EDGE('',*,*,#218,.T.);
#216=ORIENTED_EDGE('',*,*,#219,.T.);
#217=ORIENTED_EDGE('',*,*,#220,.T.);
#218=EDGE_CURVE('',#37,#41,#221,.F.);
#219=EDGE_CURVE('',#41,#39,#222,.T.);
#220=EDGE_CURVE('',#39,#37,#223,.T.);
#221=LINE('',#36,#224);
#222=LINE('',#40,#225);
#223=LINE('',#38,#226);
#224=VECTOR('',#227,1.0);
#225=VECTOR('',#228,1.0);
#226=VECTOR('',#229,1.0);
#227=DIRECTION('',(0.9993148337667671,-0.037011660509880265,0));
#228=DIRECTION('',(-0.7319239690060594,-0.6813863101019986,0));
#229=DIRECTION('',(-0.9935113071098894,0.11373338403828016,0));
#230=FACE_SURFACE('',(#235),#231,.T.);
#231=PLANE('',#232);
#232=AXIS2_PLACEMENT_3D('',#38,#233,#234);
#233=DIRECTION('',(0,0,-1));
#234=DIRECTION('',(0.7319239690060594,0.6813863101019986,0));
#235=FACE_BOUND('',#236,.T.);
#236=EDGE_LOOP('',(#237,#238,#239));
#237=ORIENTED_EDGE('',*,*,#240,.T.);
#238=ORIENTED_EDGE('',*,*,#241,.T.);
#239=ORIENTED_EDGE('',*,*,#242,.T.);
#240=EDGE_CURVE('',#39,#41,#243,.F.);
#241=EDGE_CURVE('',#41,#43,#244,.T.);
#242=EDGE_CURVE('',#43,#39,#245,.T.);
#243=LINE('',#38,#246);
#244=LINE('',#40,#247);
#245=LINE('',#42,#248);
#246=VECTOR('',#249,1.0);
#247=VECTOR('',#250,1.0);
#248=VECTOR('',#251,1.0);
#249=DIRECTION('',(0.7319239690060594,0.6813863101019986,0));
#250=DIRECTION('',(-0.19611613513818404,-0.9805806756909202,0));
#251=DIRECTION('',(0,1,0));
#252=FACE_SURFACE('',(#257),#253,.T.);
#253=PLANE('',#254);
#254=AXIS2_PLACEMENT_3D('',#40,#255,#256);
#255=DIRECTION('',(0,-0,-1));
#256=DIRECTION('',(0,-1,0));
#257=FACE_BOUND('',#258,.T.);
#258=EDGE_LOOP('',(#259,#260,#261));
#259=ORIENTED_EDGE('',*,*,#262,.T.);
#260=ORIENTED_EDGE('',*,*,#263,.T.);
#261=ORIENTED_EDGE('',*,*,#264,.T.);
#262=EDGE_CURVE('',#41,#45,#265,.F.);
#263=EDGE_CURVE('',#45,#43,#266,.T.);
#264=EDGE_CURVE('',#43,#41,#267,.T.);
#265=LINE('',#40,#268);
#266=LINE('',#44,#269);
#267=LINE('',#42,#270);
#268=VECTOR('',#271,1.0);
#269=VECTOR('',#272,1.0);
#270=VECTOR('',#273,1.0);
#271=DIRECTION('',(0,-1,0));
#272=DIRECTION('',(-0.7071067811865475,-0.7071067811865475,0));
#273=DIRECTION('',(0.19611613513818404,0.9805806756909202,0));
#274=FACE_SURFACE('',(#279),#275,.T.);
#275=PLANE('',#276);
#276=AXIS2_PLACEMENT_3D('',#42,#277,#278);
#277=DIRECTION('',(0,0,-1));
#278=DIRECTION('',(0.7071067811865475,0.7071067811865475,0));
#279=FACE_BOUND('',#280,.T.);
#280=EDGE_LOOP('',(#281,#282,#283));
#281=ORIENTED_EDGE('',*,*,#284,.T.);
#282=ORIENTED_EDGE('',*,*,#285,.T.);
#283=ORIENTED_EDGE('',*,*,#286,.T.);
#284=EDGE_CURVE('',#43,#45,#287,.F.);
#285=EDGE_CURVE('',#45,#47,#288,.T.);
#286=EDGE_CURVE('',#47,#43,#289,.T.);
#287=LINE('',#42,#290);
#288=LINE('',#44,#291);
#289=LINE('',#46,#292);
#290=VECTOR('',#293,1.0);
#291=VECTOR('',#294,1.0);
#292=VECTOR('',#295,1.0);
#293=DIRECTION('',(0.7071067811865475,0.7071067811865475,0));
#294=DIRECTION('',(0.9974586998307351,-0.07124704998790965,0));
#295=DIRECTION('',(-1,0,0));
#296=FACE_SURFACE('',(#301),#297,.T.);
#297=PLANE('',#298);
#298=AXIS2_PLACEMENT_3D('',#44,#299,#300);
#299=DIRECTION('',(0,0,-1));
#300=DIRECTION('',(1,0,0));
#301=FACE_BOUND('',#302,.T.);
#302=EDGE_LOOP('',(#303,#304,#305));
#303=ORIENTED_EDGE('',*,*,#306,.T.);
#304=ORIENTED_EDGE('',*,*,#307,.T.);
#305=ORIENTED_EDGE('',*,*,#308,.T.);
#306=EDGE_CURVE('',#45,#49,#309,.F.);
#307=EDGE_CURVE('',#49,#47,#310,.T.);
#308=EDGE_CURVE('',#47,#45,#311,.T.);
#309=LINE('',#44,#312);
#310=LINE('',#48,#313);
#311=LINE('',#46,#314);
#312=VECTOR('',#315,1.0);
#313=VECTOR('',#316,1.0);
#314=VECTOR('',#317,1.0);
#315=DIRECTION('',(1,0,0));
#316=DIRECTION('',(0.7071067811865475,-0.7071067811865475,0));
#317=DIRECTION('',(-0.9974586998307351,0.07124704998790965,0));
#318=FACE_SURFACE('',(#323),#319,.T.);
#319=PLANE('',#320);
#320=AXIS2_PLACEMENT_3D('',#46,#321,#322);
#321=DIRECTION('',(0,0,-1));
#322=DIRECTION('',(-0.7071067811865475,0.7071067811865475,0));
#323=FACE_BOUND('',#324,.T.);
#324=EDGE_LOOP('',(#325,#326,#327));
#325=ORIENTED_EDGE('',*,*,#328,.T.);
#326=ORIENTED_EDGE('',*,*,#329,.T.);
#327=ORIENTED_EDGE('',*,*,#330,.T.);
#328=EDGE_CURVE('',#47,#49,#331,.F.);
#329=EDGE_CURVE('',#49,#51,#332,.T.);
#330=EDGE_CURVE('',#51,#47,#333,.T.);
#331=LINE('',#46,#334);
#332=LINE('',#48,#335);
#333=LINE('',#50,#336);
#334=VECTOR('',#337,1.0);
#335=VECTOR('',#338,1.0);
#336=VECTOR('',#339,1.0);
#337=DIRECTION('',(-0.7071067811865475,0.7071067811865475,0));
#338=DIRECTION('',(0.30980317292785625,0.950800712054757,0));
#339=DIRECTION('',(0,-1,0));
#340=FACE_SURFACE('',(#345),#341,.T.);
#341=PLANE('',#342);
#342=AXIS2_PLACEMENT_3D('',#48,#343,#344);
#343=DIRECTION('',(0,0,-1));
#344=DIRECTION('',(0,1,0));
#345=FACE_BOUND('',#346,.T.);
#346=EDGE_LOOP('',(#347,#348,#349));
#347=ORIENTED_EDGE('',*,*,#350,.T.);
#348=ORIENTED_EDGE('',*,*,#351,.T.);
#349=ORIENTED_EDGE('',*,*,#352,.T.);
#350=EDGE_CURVE('',#49,#53,#353,.F.);
#351=EDGE_CURVE('',#53,#51,#354,.T.);
#352=EDGE_CURVE('',#51,#49,#355,.T.);
#353=LINE('',#48,#356);
#354=LINE('',#52,#357);
#355=LINE('',#50,#358);
#356=VECTOR('',#359,1.0);
#357=VECTOR('',#360,1.0);
#358=VECTOR('',#361,1.0);
#359=DIRECTION('',(0,1,0));
#360=DIRECTION('',(0.7319239690060594,-0.6813863101019986,0));
#361=DIRECTION('',(-0.30980317292785625,-0.950800712054757,0));
#362=FACE_SURFACE('',(#367),#363,.T.);
#363=PLANE('',#364);
#364=AXIS2_PLACEMENT_3D('',#50,#365,#366);
#365=DIRECTION('',(0,0,-1));
#366=DIRECTION('',(-0.7319239690060594,0.6813863101019986,0));
#367=FACE_BOUND('',#368,.T.);
#368=EDGE_LOOP('',(#369,#370,#371));
#369=ORIENTED_EDGE('',*,*,#372,.T.);
#370=ORIENTED_EDGE('',*,*,#373,.T.);
#371=ORIENTED_EDGE('',*,*,#374,.T.);
#372=EDGE_CURVE('',#51,#53,#375,.F.);
#373=EDGE_CURVE('',#53,#55,#376,.T.);
#374=EDGE_CURVE('',#55,#51,#377,.T.);
#375=LINE('',#50,#378);
#376=LINE('',#52,#379);
#377=LINE('',#54,#380);
#378=VECTOR('',#381,1.0);
#379=VECTOR('',#382,1.0);
#380=VECTOR('',#383,1.0);
#381=DIRECTION('',(-0.7319239690060594,0.6813863101019986,0));
#382=DIRECTION('',(0.9993148337667671,-0.037011660509880265,0));
#383=DIRECTION('',(-0.9994062256103091,-0.03445571376935551,0));
#384=FACE_SURFACE('',(#389),#385,.T.);
#385=PLANE('',#386);
#386=AXIS2_PLACEMENT_3D('',#52,#387,#388);
#387=DIRECTION('',(0,0,-1));
#388=DIRECTION('',(0.9993148337667671,0.037011660509880265,0));
#389=FACE_BOUND('',#390,.T.);
#390=EDGE_LOOP('',(#391,#392,#393));
#391=ORIENTED_EDGE('',*,*,#394,.T.);
#392=ORIENTED_EDGE('',*,*,#395,.T.);
#393=ORIENTED_EDGE('',*,*,#396,.T.);
#394=EDGE_CURVE('',#53,#57,#397,.F.);
#395=EDGE_CURVE('',#57,#55,#398,.T.);
#396=EDGE_CURVE('',#55,#53,#399,.T.);
#397=LINE('',#52,#400);
#398=LINE('',#56,#401);
#399=LINE('',#54,#402);
#400=VECTOR('',#403,1.0);
#401=VECTOR('',#404,1.0);
#402=VECTOR('',#405,1.0);
#403=DIRECTION('',(0.9993148337667671,0.037011660509880265,0));
#404=DIRECTION('',(0,-1,0));
#405=DIRECTION('',(-0.9993148337667671,0.037011660509880265,0));
#406=FACE_SURFACE('',(#411),#407,.T.);
#407=PLANE('',#408);
#408=AXIS2_PLACEMENT_3D('',#54,#409,#410);
#409=DIRECTION('',(0,0,-1));
#410=DIRECTION('',(0,1,0));
#411=FACE_BOUND('',#412,.T.);
#412=EDGE_LOOP('',(#413,#414,#415));
#413=ORIENTED_EDGE('',*,*,#416,.T.);
#414=ORIENTED_EDGE('',*,*,#417,.T.);
#415=ORIENTED_EDGE('',*,*,#418,.T.);
#416=EDGE_CURVE('',#55,#57,#419,.F.);
#417=EDGE_CURVE('',#57,#59,#420,.T.);
#418=EDGE_CURVE('',#59,#55,#421,.T.);
#419=LINE('',#54,#422);
#420=LINE('',#56,#423);
#421=LINE('',#58,#424);
#422=VECTOR('',#425,1.0);
#423=VECTOR('',#426,1.0);
#424=VECTOR('',#427,1.0);
#425=DIRECTION('',(0,1,0));
#426=DIRECTION('',(0.9935113071098894,-0.11373338403828016,0));
#427=DIRECTION('',(-0.9994062256103091,0.03445571376935551,0));
#428=FACE_SURFACE('',(#433),#429,.T.);
#429=PLANE('',#430);
#430=AXIS2_PLACEMENT_3D('',#56,#431,#432);
#431=DIRECTION('',(0,0,-1));
#432=DIRECTION('',(0.9993148337667671,-0.037011660509880265,0));
#433=FACE_BOUND('',#434,.T.);
#434=EDGE_LOOP('',(#435,#436,#437));
#435=ORIENTED_EDGE('',*,*,#438,.T.);
#436=ORIENTED_EDGE('',*,*,#439,.T.);
#437=ORIENTED_EDGE('',*,*,#440,.T.);
#438=EDGE_CURVE('',#57,#61,#441,.F.);
#439=EDGE_CURVE('',#61,#59,#442,.T.);
#440=EDGE_CURVE('',#59,#57,#443,.T.);
#441=LINE('',#56,#444);
#442=LINE('',#60,#445);
#443=LINE('',#58,#446);
#444=VECTOR('',#447,1.0);
#445=VECTOR('',#448,1.0);
#446=VECTOR('',#449,1.0);
#447=DIRECTION('',(0.9993148337667671,-0.037011660509880265,0));
#448=DIRECTION('',(-0.7319239690060594,-0.6813863101019986,0));
#449=DIRECTION('',(-0.9935113071098894,0.11373338403828016,0));
#450=FACE_SURFACE('',(#455),#451,.T.);
#451=PLANE('',#452);
#452=AXIS2_PLACEMENT_3D('',#58,#453,#454);
#453=DIRECTION('',(0,0,-1));
#454=DIRECTION('',(0.7319239690060594,0.6813863101019986,0));
#455=FACE_BOUND('',#456,.T.);
#456=EDGE_LOOP('',(#457,#458,#459));
#457=ORIENTED_EDGE('',*,*,#460,.T.);
#458=ORIENTED_EDGE('',*,*,#461,.T.);
#459=ORIENTED_EDGE('',*,*,#462,.T.);
#460=EDGE_CURVE('',#59,#61,#463,.F.);
#461=EDGE_CURVE('',#61,#63,#464,.T.);
#462=EDGE_CURVE('',#63,#59,#465,.T.);
#463=LINE('',#58,#466);
#464=LINE('',#60,#467);
#465=LINE('',#62,#468);
#466=VECTOR('',#469,1.0);
#467=VECTOR('',#470,1.0);
#468=VECTOR('',#471,1.0);
#469=DIRECTION('',(0.7319239690060594,0.6813863101019986,0));
#470=DIRECTION('',(-0.19611613513818404,-0.9805806756909202,0));
#471=DIRECTION('',(0,1,0));
#472=FACE_SURFACE('',(#477),#473,.T.);
#473=PLANE('',#474);
#474=AXIS2_PLACEMENT_3D('',#60,#475,#476);
#475=DIRECTION('',(0,-0,-1));
#476=DIRECTION('',(0,-1,0));
#477=FACE_BOUND('',#478,.T.);
#478=EDGE_LOOP('',(#479,#480,#481));
#479=ORIENTED_EDGE('',*,*,#482,.T.);
#480=ORIENTED_EDGE('',*,*,#483,.T.);
#481=ORIENTED_EDGE('',*,*,#484,.T.);
#482=EDGE_CURVE('',#61,#65,#485,.F.);
#483=EDGE_CURVE('',#65,#63,#486,.T.);
#484=EDGE_CURVE('',#63,#61,#487,.T.);
#485=LINE('',#60,#488);
#486=LINE('',#64,#489);
#487=LINE('',#62,#490);
#488=VECTOR('',#491,1.0);
#489=VECTOR('',#492,1.0);
#490=VECTOR('',#493,1.0);
#491=DIRECTION('',(0,-1,0));
#492=DIRECTION('',(-0.7071067811865475,-0.7071067811865475,0));
#493=DIRECTION('',(0.19611613513818404,0.9805806756909202,0));
#494=FACE_SURFACE('',(#499),#495,.T.);
#495=PLANE('',#496);
#496=AXIS2_PLACEMENT_3D('',#62,#497,#498);
#497=DIRECTION('',(0,0,-1));
#498=DIRECTION('',(0.7071067811865475,0.7071067811865475,0));
#499=FACE_BOUND('',#500,.T.);
#500=EDGE_LOOP('',(#501,#502,#503));
#501=ORIENTED_EDGE('',*,*,#504,.T.);
#502=ORIENTED_EDGE('',*,*,#505,.T.);
#503=ORIENTED_EDGE('',*,*,#506,.T.);
#504=EDGE_CURVE('',#63,#65,#507,.F.);
#505=EDGE_CURVE('',#65,#67,#508,.T.);
#506=EDGE_CURVE('',#67,#63,#509,.T.);
#507=LINE('',#62,#510);
#508=LINE('',#64,#511);
#509=LINE('',#66,#512);
#510=VECTOR('',#513,1.0);
#511=VECTOR('',#514,1.0);
#512=VECTOR('',#515,1.0);
#513=DIRECTION('',(0.7071067811865475,0.7071067811865475,0));
#514=DIRECTION('',(0.9974586998307351,-0.07124704998790965,0));
#515=DIRECTION('',(-1,0,0));
#516=FACE_SURFACE('',(#521),#517,.T.);
#517=PLANE('',#518);
#518=AXIS2_PLACEMENT_3D('',#64,#519,#520);
#519=DIRECTION('',(0,0,-1));
#520=DIRECTION('',(1,-3.336006684570783E-17,0));
#521=FACE_BOUND('',#522,.T.);
#522=EDGE_LOOP('',(#523,#524,#525));
#523=ORIENTED_EDGE('',*,*,#526,.T.);
#524=ORIENTED_EDGE('',*,*,#527,.T.);
#525=ORIENTED_EDGE('',*,*,#528,.T.);
#526=EDGE_CURVE('',#65,#69,#529,.F.);
#527=EDGE_CURVE('',#69,#67,#530,.T.);
#528=EDGE_CURVE('',#67,#65,#531,.T.);
#529=LINE('',#64,#532);
#530=LINE('',#68,#533);
#531=LINE('',#66,#534);
#532=VECTOR('',#535,1.0);
#533=VECTOR('',#536,1.0);
#534=VECTOR('',#537,1.0);
#535=DIRECTION('',(1,-3.336006684570783E-17,0));
#536=DIRECTION('',(0.7071067811865477,-0.7071067811865474,0));
#537=DIRECTION('',(-0.9974586998307351,0.07124704998790965,0));
#538=FACE_SURFACE('',(#543),#539,.T.);
#539=PLANE('',#540);
#540=AXIS2_PLACEMENT_3D('',#66,#541,#542);
#541=DIRECTION('',(0,0,-1));
#542=DIRECTION('',(-0.7071067811865477,0.7071067811865474,0));
#543=FACE_BOUND('',#544,.T.);
#544=EDGE_LOOP('',(#545,#546,#547));
#545=ORIENTED_EDGE('',*,*,#548,.T.);
#546=ORIENTED_EDGE('',*,*,#549,.T.);
#547=ORIENTED_EDGE('',*,*,#550,.T.);
#548=EDGE_CURVE('',#67,#69,#551,.F.);
#549=EDGE_CURVE('',#69,#71,#552,.T.);
#550=EDGE_CURVE('',#71,#67,#553,.T.);
#551=LINE('',#66,#554);
#552=LINE('',#68,#555);
#553=LINE('',#70,#556);
#554=VECTOR('',#557,1.0);
#555=VECTOR('',#558,1.0);
#556=VECTOR('',#559,1.0);
#557=DIRECTION('',(-0.7071067811865477,0.7071067811865474,0));
#558=DIRECTION('',(0.3098031729278562,0.9508007120547568,0));
#559=DIRECTION('',(0,-1,0));
#560=FACE_SURFACE('',(#565),#561,.T.);
#561=PLANE('',#562);
#562=AXIS2_PLACEMENT_3D('',#68,#563,#564);
#563=DIRECTION('',(0,0,-1));
#564=DIRECTION('',(0,1,0));
#565=FACE_BOUND('',#566,.T.);
#566=EDGE_LOOP('',(#567,#568,#569));
#567=ORIENTED_EDGE('',*,*,#570,.T.);
#568=ORIENTED_EDGE('',*,*,#571,.T.);
#569=ORIENTED_EDGE('',*,*,#572,.T.);
#570=EDGE_CURVE('',#69,#73,#573,.F.);
#571=EDGE_CURVE('',#73,#71,#574,.T.);
#572=EDGE_CURVE('',#71,#69,#575,.T.);
#573=LINE('',#68,#576);
#574=LINE('',#72,#577);
#575=LINE('',#70,#578);
#576=VECTOR('',#579,1.0);
#577=VECTOR('',#580,1.0);
#578=VECTOR('',#581,1.0);
#579=DIRECTION('',(0,1,0));
#580=DIRECTION('',(0.7319239690060594,-0.6813863101019986,0));
#581=DIRECTION('',(-0.3098031729278562,-0.9508007120547568,0));
#582=FACE_SURFACE('',(#587),#583,.T.);
#583=PLANE('',#584);
#584=AXIS2_PLACEMENT_3D('',#70,#585,#586);
#585=DIRECTION('',(0,0,-1));
#586=DIRECTION('',(-0.7319239690060594,0.6813863101019986,0));
#587=FACE_BOUND('',#588,.T.);
#588=EDGE_LOOP('',(#589,#590,#591));
#589=ORIENTED_EDGE('',*,*,#592,.T.);
#590=ORIENTED_EDGE('',*,*,#593,.T.);
#591=ORIENTED_EDGE('',*,*,#594,.T.);
#592=EDGE_CURVE('',#71,#73,#595,.F.);
#593=EDGE_CURVE('',#73,#75,#596,.T.);
#594=EDGE_CURVE('',#75,#71,#597,.T.);
#595=LINE('',#70,#598);
#596=LINE('',#72,#599);
#597=LINE('',#74,#600);
#598=VECTOR('',#601,1.0);
#599=VECTOR('',#602,1.0);
#600=VECTOR('',#603,1.0);
#601=DIRECTION('',(-0.7319239690060594,0.6813863101019986,0));
#602=DIRECTION('',(0.9993148337667671,-0.037011660509880265,0));
#603=DIRECTION('',(-0.9994062256103091,-0.03445571376935551,0));
#604=FACE_SURFACE('',(#609),#605,.T.);
#605=PLANE('',#606);
#606=AXIS2_PLACEMENT_3D('',#72,#607,#608);
#607=DIRECTION('',(0,0,-1));
#608=DIRECTION('',(0.9993148337667671,0.037011660509880265,0));
#609=FACE_BOUND('',#610,.T.);
#610=EDGE_LOOP('',(#611,#612,#613));
#611=ORIENTED_EDGE('',*,*,#614,.T.);
#612=ORIENTED_EDGE('',*,*,#615,.T.);
#613=ORIENTED_EDGE('',*,*,#616,.T.);
#614=EDGE_CURVE('',#73,#77,#617,.F.);
#615=EDGE_CURVE('',#77,#75,#618,.T.);
#616=EDGE_CURVE('',#75,#73,#619,.T.);
#617=LINE('',#72,#620);
#618=LINE('',#76,#621);
#619=LINE('',#74,#622);
#620=VECTOR('',#623,1.0);
#621=VECTOR('',#624,1.0);
#622=VECTOR('',#625,1.0);
#623=DIRECTION('',(0.9993148337667671,0.037011660509880265,0));
#624=DIRECTION('',(0,-1,0));
#625=DIRECTION('',(-0.9993148337667671,0.037011660509880265,0));
#626=FACE_SURFACE('',(#631),#627,.T.);
#627=PLANE('',#628);
#628=AXIS2_PLACEMENT_3D('',#74,#629,#630);
#629=DIRECTION('',(0,0,-1));
#630=DIRECTION('',(0,1,0));
#631=FACE_BOUND('',#632,.T.);
#632=EDGE_LOOP('',(#633,#634,#635));
#633=ORIENTED_EDGE('',*,*,#636,.T.);
#634=ORIENTED_EDGE('',*,*,#637,.T.);
#635=ORIENTED_EDGE('',*,*,#638,.T.);
#636=EDGE_CURVE('',#75,#77,#639,.F.);
#637=EDGE_CURVE('',#77,#79,#640,.T.);
#638=EDGE_CURVE('',#79,#75,#641,.T.);
#639=LINE('',#74,#642);
#640=LINE('',#76,#643);
#641=LINE('',#78,#644);
#642=VECTOR('',#645,1.0);
#643=VECTOR('',#646,1.0);
#644=VECTOR('',#647,1.0);
#645=DIRECTION('',(0,1,0));
#646=DIRECTION('',(0.9935113071098894,-0.11373338403828016,0));
#647=DIRECTION('',(-0.9994062256103091,0.03445571376935551,0));
#648=FACE_SURFACE('',(#653),#649,.T.);
#649=PLANE('',#650);
#650=AXIS2_PLACEMENT_3D('',#76,#651,#652);
#651=DIRECTION('',(0,0,-1));
#652=DIRECTION('',(0.9993148337667671,-0.037011660509880265,0));
#653=FACE_BOUND('',#654,.T.);
#654=EDGE_LOOP('',(#655,#656,#657));
#655=ORIENTED_EDGE('',*,*,#658,.T.);
#656=ORIENTED_EDGE('',*,*,#659,.T.);
#657=ORIENTED_EDGE('',*,*,#660,.T.);
#658=EDGE_CURVE('',#77,#81,#661,.F.);
#659=EDGE_CURVE('',#81,#79,#662,.T.);
#660=EDGE_CURVE('',#79,#77,#663,.T.);
#661=LINE('',#76,#664);
#662=LINE('',#80,#665);
#663=LINE('',#78,#666);
#664=VECTOR('',#667,1.0);
#665=VECTOR('',#668,1.0);
#666=VECTOR('',#669,1.0);
#667=DIRECTION('',(0.9993148337667671,-0.037011660509880265,0));
#668=DIRECTION('',(-0.7319239690060594,-0.6813863101019986,0));
#669=DIRECTION('',(-0.9935113071098894,0.11373338403828016,0));
#670=FACE_SURFACE('',(#675),#671,.T.);
#671=PLANE('',#672);
#672=AXIS2_PLACEMENT_3D('',#78,#673,#674);
#673=DIRECTION('',(0,0,-1));
#674=DIRECTION('',(0.7319239690060594,0.6813863101019986,0));
#675=FACE_BOUND('',#676,.T.);
#676=EDGE_LOOP('',(#677,#678,#679));
#677=ORIENTED_EDGE('',*,*,#680,.T.);
#678=ORIENTED_EDGE('',*,*,#681,.T.);
#679=ORIENTED_EDGE('',*,*,#682,.T.);
#680=EDGE_CURVE('',#79,#81,#683,.F.);
#681=EDGE_CURVE('',#81,#83,#684,.T.);
#682=EDGE_CURVE('',#83,#79,#685,.T.);
#683=LINE('',#78,#686);
#684=LINE('',#80,#687);
#685=LINE('',#82,#688);
#686=VECTOR('',#689,1.0);
#687=VECTOR('',#690,1.0);
#688=VECTOR('',#691,1.0);
#689=DIRECTION('',(0.7319239690060594,0.6813863101019986,0));
#690=DIRECTION('',(-0.19611613513818404,-0.9805806756909202,0));
#691=DIRECTION('',(0,1,0));
#692=FACE_SURFACE('',(#697),#693,.T.);
#693=PLANE('',#694);
#694=AXIS2_PLACEMENT_3D('',#80,#695,#696);
#695=DIRECTION('',(0,-0,-1));
#696=DIRECTION('',(0,-1,0));
#697=FACE_BOUND('',#698,.T.);
#698=EDGE_LOOP('',(#699,#700,#701));
#699=ORIENTED_EDGE('',*,*,#702,.T.);
#700=ORIENTED_EDGE('',*,*,#703,.T.);
#701=ORIENTED_EDGE('',*,*,#704,.T.);
#702=EDGE_CURVE('',#81,#85,#705,.F.);
#703=EDGE_CURVE('',#85,#83,#706,.T.);
#704=EDGE_CURVE('',#83,#81,#707,.T.);
#705=LINE('',#80,#708);
#706=LINE('',#84,#709);
#707=LINE('',#82,#710);
#708=VECTOR('',#711,1.0);
#709=VECTOR('',#712,1.0);
#710=VECTOR('',#713,1.0);
#711=DIRECTION('',(0,-1,0));
#712=DIRECTION('',(-0.7071067811865475,-0.7071067811865475,0));
#713=DIRECTION('',(0.19611613513818404,0.9805806756909202,0));
#714=FACE_SURFACE('',(#719),#715,.T.);
#715=PLANE('',#716);
#716=AXIS2_PLACEMENT_3D('',#82,#717,#718);
#717=DIRECTION('',(0,0,-1));
#718=DIRECTION('',(0.7071067811865475,0.7071067811865475,0));
#719=FACE_BOUND('',#720,.T.);
#720=EDGE_LOOP('',(#721,#722,#723));
#721=ORIENTED_EDGE('',*,*,#724,.T.);
#722=ORIENTED_EDGE('',*,*,#725,.T.);
#723=ORIENTED_EDGE('',*,*,#726,.T.);
#724=EDGE_CURVE('',#83,#85,#727,.F.);
#725=EDGE_CURVE('',#85,#87,#728,.T.);
#726=EDGE_CURVE('',#87,#83,#729,.T.);
#727=LINE('',#82,#730);
#728=LINE('',#84,#731);
#729=LINE('',#86,#732);
#730=VECTOR('',#733,1.0);
#731=VECTOR('',#734,1.0);
#732=VECTOR('',#735,1.0);
#733=DIRECTION('',(0.7071067811865475,0.7071067811865475,0));
#734=DIRECTION('',(0.9974586998307351,-0.07124704998790965,0));
#735=DIRECTION('',(-1,0,0));
#736=FACE_SURFACE('',(#741),#737,.T.);
#737=PLANE('',#738);
#738=AXIS2_PLACEMENT_3D('',#84,#739,#740);
#739=DIRECTION('',(0,0,-1));
#740=DIRECTION('',(1,4.503609024170557E-16,0));
#741=FACE_BOUND('',#742,.T.);
#742=EDGE_LOOP('',(#743,#744,#745));
#743=ORIENTED_EDGE('',*,*,#746,.T.);
#744=ORIENTED_EDGE('',*,*,#747,.T.);
#745=ORIENTED_EDGE('',*,*,#748,.T.);
#746=EDGE_CURVE('',#85,#89,#749,.F.);
#747=EDGE_CURVE('',#89,#87,#750,.T.);
#748=EDGE_CURVE('',#87,#85,#751,.T.);
#749=LINE('',#84,#752);
#750=LINE('',#88,#753);
#751=LINE('',#86,#754);
#752=VECTOR('',#755,1.0);
#753=VECTOR('',#756,1.0);
#754=VECTOR('',#757,1.0);
#755=DIRECTION('',(1,4.503609024170557E-16,0));
#756=DIRECTION('',(0.7071067811865455,-0.7071067811865496,0));
#757=DIRECTION('',(-0.9974586998307351,0.07124704998790965,0));
#758=FACE_SURFACE('',(#763),#759,.T.);
#759=PLANE('',#760);
#760=AXIS2_PLACEMENT_3D('',#86,#761,#762);
#761=DIRECTION('',(0,0,-1));
#762=DIRECTION('',(-0.7071067811865455,0.7071067811865496,0));
#763=FACE_BOUND('',#764,.T.);
#764=EDGE_LOOP('',(#765,#766,#767));
#765=ORIENTED_EDGE('',*,*,#768,.T.);
#766=ORIENTED_EDGE('',*,*,#769,.T.);
#767=ORIENTED_EDGE('',*,*,#770,.T.);
#768=EDGE_CURVE('',#87,#89,#771,.F.);
#769=EDGE_CURVE('',#89,#91,#772,.T.);
#770=EDGE_CURVE('',#91,#87,#773,.T.);
#771=LINE('',#86,#774);
#772=LINE('',#88,#775);
#773=LINE('',#90,#776);
#774=VECTOR('',#777,1.0);
#775=VECTOR('',#778,1.0);
#776=VECTOR('',#779,1.0);
#777=DIRECTION('',(-0.7071067811865455,0.7071067811865496,0));
#778=DIRECTION('',(0.30980317292785675,0.9508007120547568,0));
#779=DIRECTION('',(0,-1,0));
#780=FACE_SURFACE('',(#785),#781,.T.);
#781=PLANE('',#782);
#782=AXIS2_PLACEMENT_3D('',#88,#783,#784);
#783=DIRECTION('',(0,0,-1));
#784=DIRECTION('',(0,1,0));
#785=FACE_BOUND('',#786,.T.);
#786=EDGE_LOOP('',(#787,#788,#789));
#787=ORIENTED_EDGE('',*,*,#790,.T.);
#788=ORIENTED_EDGE('',*,*,#791,.T.);
#789=ORIENTED_EDGE('',*,*,#792,.T.);
#790=EDGE_CURVE('',#89,#93,#793,.F.);
#791=EDGE_CURVE('',#93,#91,#794,.T.);
#792=EDGE_CURVE('',#91,#89,#795,.T.);
#793=LINE('',#88,#796);
#794=LINE('',#92,#797);
#795=LINE('',#90,#798);
#796=VECTOR('',#799,1.0);
#797=VECTOR('',#800,1.0);
#798=VECTOR('',#801,1.0);
#799=DIRECTION('',(0,1,0));
#800=DIRECTION('',(0.7319239690060594,-0.6813863101019986,0));
#801=DIRECTION('',(-0.30980317292785675,-0.9508007120547568,0));
#802=FACE_SURFACE('',(#807),#803,.T.);
#803=PLANE('',#804);
#804=AXIS2_PLACEMENT_3D('',#90,#805,#806);
#805=DIRECTION('',(0,0,-1));
#806=DIRECTION('',(-0.7319239690060594,0.6813863101019986,0));
#807=FACE_BOUND('',#808,.T.);
#808=EDGE_LOOP('',(#809,#810,#811));
#809=ORIENTED_EDGE('',*,*,#812,.T.);
#810=ORIENTED_EDGE('',*,*,#813,.T.);
#811=ORIENTED_EDGE('',*,*,#814,.T.);
#812=EDGE_CURVE('',#91,#93,#815,.F.);
#813=EDGE_CURVE('',#93,#95,#816,.T.);
#814=EDGE_CURVE('',#95,#91,#817,.T.);
#815=LINE('',#90,#818);
#816=LINE('',#92,#819);
#817=LINE('',#94,#820);
#818=VECTOR('',#821,1.0);
#819=VECTOR('',#822,1.0);
#820=VECTOR('',#823,1.0);
#821=DIRECTION('',(-0.7319239690060594,0.6813863101019986,0));
#822=DIRECTION('',(0.9991921407254291,-0.04018788265801538,0));
#823=DIRECTION('',(-0.9993075131523311,-0.037208791398047746,0));
#824=FACE_SURFACE('',(#829),#825,.T.);
#825=PLANE('',#826);
#826=AXIS2_PLACEMENT_3D('',#92,#827,#828);
#827=DIRECTION('',(0,0,-1));
#828=DIRECTION('',(0.9993148337667671,0.037011660509880265,0));
#829=FACE_BOUND('',#830,.T.);
#830=EDGE_LOOP('',(#831,#832,#833));
#831=ORIENTED_EDGE('',*,*,#834,.T.);
#832=ORIENTED_EDGE('',*,*,#835,.T.);
#833=ORIENTED_EDGE('',*,*,#836,.T.);
#834=EDGE_CURVE('',#93,#97,#837,.F.);
#835=EDGE_CURVE('',#97,#95,#838,.T.);
#836=EDGE_CURVE('',#95,#93,#839,.T.);
#837=LINE('',#92,#840);
#838=LINE('',#96,#841);
#839=LINE('',#94,#842);
#840=VECTOR('',#843,1.0);
#841=VECTOR('',#844,1.0);
#842=VECTOR('',#845,1.0);
#843=DIRECTION('',(0.9993148337667671,0.037011660509880265,0));
#844=DIRECTION('',(-0.7061335234487942,-0.7080787011779067,0));
#845=DIRECTION('',(-0.9991921407254291,0.04018788265801538,0));
#846=FACE_SURFACE('',(#851),#847,.T.);
#847=PLANE('',#848);
#848=AXIS2_PLACEMENT_3D('',#94,#849,#850);
#849=DIRECTION('',(0,0,-1));
#850=DIRECTION('',(0.7061335234487942,0.7080787011779067,0));
#851=FACE_BOUND('',#852,.T.);
#852=EDGE_LOOP('',(#853,#854,#855));
#853=ORIENTED_EDGE('',*,*,#856,.T.);
#854=ORIENTED_EDGE('',*,*,#857,.T.);
#855=ORIENTED_EDGE('',*,*,#858,.T.);
#856=EDGE_CURVE('',#95,#97,#859,.F.);
#857=EDGE_CURVE('',#97,#99,#860,.T.);
#858=EDGE_CURVE('',#99,#95,#861,.T.);
#859=LINE('',#94,#862);
#860=LINE('',#96,#863);
#861=LINE('',#98,#864);
#862=VECTOR('',#865,1.0);
#863=VECTOR('',#866,1.0);
#864=VECTOR('',#867,1.0);
#865=DIRECTION('',(0.7061335234487942,0.7080787011779067,0));
#866=DIRECTION('',(-0.17888543819998318,-0.9838699100999074,0));
#867=DIRECTION('',(0,1,0));
#868=FACE_SURFACE('',(#873),#869,.T.);
#869=PLANE('',#870);
#870=AXIS2_PLACEMENT_3D('',#96,#871,#872);
#871=DIRECTION('',(0,-0,-1));
#872=DIRECTION('',(0,-1,0));
#873=FACE_BOUND('',#874,.T.);
#874=EDGE_LOOP('',(#875,#876,#877));
#875=ORIENTED_EDGE('',*,*,#878,.T.);
#876=ORIENTED_EDGE('',*,*,#879,.T.);
#877=ORIENTED_EDGE('',*,*,#880,.T.);
#878=EDGE_CURVE('',#97,#101,#881,.F.);
#879=EDGE_CURVE('',#101,#99,#882,.T.);
#880=EDGE_CURVE('',#99,#97,#883,.T.);
#881=LINE('',#96,#884);
#882=LINE('',#100,#885);
#883=LINE('',#98,#886);
#884=VECTOR('',#887,1.0);
#885=VECTOR('',#888,1.0);
#886=VECTOR('',#889,1.0);
#887=DIRECTION('',(0,-1,0));
#888=DIRECTION('',(-0.7071067811865475,-0.7071067811865475,0));
#889=DIRECTION('',(0.17888543819998318,0.9838699100999074,0));
#890=FACE_SURFACE('',(#895),#891,.T.);
#891=PLANE('',#892);
#892=AXIS2_PLACEMENT_3D('',#98,#893,#894);
#893=DIRECTION('',(0,0,-1));
#894=DIRECTION('',(0.7071067811865475,0.7071067811865475,0));
#895=FACE_BOUND('',#896,.T.);
#896=EDGE_LOOP('',(#897,#898,#899));
#897=ORIENTED_EDGE('',*,*,#900,.T.);
#898=ORIENTED_EDGE('',*,*,#901,.T.);
#899=ORIENTED_EDGE('',*,*,#902,.T.);
#900=EDGE_CURVE('',#99,#101,#903,.F.);
#901=EDGE_CURVE('',#101,#103,#904,.T.);
#902=EDGE_CURVE('',#103,#99,#905,.T.);
#903=LINE('',#98,#906);
#904=LINE('',#100,#907);
#905=LINE('',#102,#908);
#906=VECTOR('',#909,1.0);
#907=VECTOR('',#910,1.0);
#908=VECTOR('',#911,1.0);
#909=DIRECTION('',(0.7071067811865475,0.7071067811865475,0));
#910=DIRECTION('',(0.9958932064677039,-0.09053574604251853,0));
#911=DIRECTION('',(-1,0,0));
#912=FACE_SURFACE('',(#917),#913,.T.);
#913=PLANE('',#914);
#914=AXIS2_PLACEMENT_3D('',#100,#915,#916);
#915=DIRECTION('',(0,0,-1));
#916=DIRECTION('',(1,8.673617379884035E-17,0));
#917=FACE_BOUND('',#918,.T.);
#918=EDGE_LOOP('',(#919,#920,#921));
#919=ORIENTED_EDGE('',*,*,#922,.T.);
#920=ORIENTED_EDGE('',*,*,#923,.T.);
#921=ORIENTED_EDGE('',*,*,#924,.T.);
#922=EDGE_CURVE('',#101,#105,#925,.F.);
#923=EDGE_CURVE('',#105,#103,#926,.T.);
#924=EDGE_CURVE('',#103,#101,#927,.T.);
#925=LINE('',#100,#928);
#926=LINE('',#104,#929);
#927=LINE('',#102,#930);
#928=VECTOR('',#931,1.0);
#929=VECTOR('',#932,1.0);
#930=VECTOR('',#933,1.0);
#931=DIRECTION('',(1,8.673617379884035E-17,0));
#932=DIRECTION('',(0.7071067811865472,-0.7071067811865479,0));
#933=DIRECTION('',(-0.9958932064677039,0.09053574604251853,0));
#934=FACE_SURFACE('',(#939),#935,.T.);
#935=PLANE('',#936);
#936=AXIS2_PLACEMENT_3D('',#102,#937,#938);
#937=DIRECTION('',(0,0,-1));
#938=DIRECTION('',(-0.7071067811865472,0.7071067811865479,0));
#939=FACE_BOUND('',#940,.T.);
#940=EDGE_LOOP('',(#941,#942,#943));
#941=ORIENTED_EDGE('',*,*,#944,.T.);
#942=ORIENTED_EDGE('',*,*,#945,.T.);
#943=ORIENTED_EDGE('',*,*,#946,.T.);
#944=EDGE_CURVE('',#103,#105,#947,.F.);
#945=EDGE_CURVE('',#105,#107,#948,.T.);
#946=EDGE_CURVE('',#107,#103,#949,.T.);
#947=LINE('',#102,#950);
#948=LINE('',#104,#951);
#949=LINE('',#106,#952);
#950=VECTOR('',#953,1.0);
#951=VECTOR('',#954,1.0);
#952=VECTOR('',#955,1.0);
#953=DIRECTION('',(-0.7071067811865472,0.7071067811865479,0));
#954=DIRECTION('',(0.3713906763541039,0.9284766908852593,0));
#955=DIRECTION('',(0,-1,0));
#956=FACE_SURFACE('',(#961),#957,.T.);
#957=PLANE('',#958);
#958=AXIS2_PLACEMENT_3D('',#104,#959,#960);
#959=DIRECTION('',(0,0,-1));
#960=DIRECTION('',(0,1,0));
#961=FACE_BOUND('',#962,.T.);
#962=EDGE_LOOP('',(#963,#964,#965));
#963=ORIENTED_EDGE('',*,*,#966,.T.);
#964=ORIENTED_EDGE('',*,*,#967,.T.);
#965=ORIENTED_EDGE('',*,*,#968,.T.);
#966=EDGE_CURVE('',#105,#109,#969,.F.);
#967=EDGE_CURVE('',#109,#107,#970,.T.);
#968=EDGE_CURVE('',#107,#105,#971,.T.);
#969=LINE('',#104,#972);
#970=LINE('',#108,#973);
#971=LINE('',#106,#974);
#972=VECTOR('',#975,1.0);
#973=VECTOR('',#976,1.0);
#974=VECTOR('',#977,1.0);
#975=DIRECTION('',(0,1,0));
#976=DIRECTION('',(1,0,0));
#977=DIRECTION('',(-0.3713906763541039,-0.9284766908852593,0));
#978=FACE_SURFACE('',(#983),#979,.T.);
#979=PLANE('',#980);
#980=AXIS2_PLACEMENT_3D('',#110,#981,#982);
#981=DIRECTION('',(0,0,1));
#982=DIRECTION('',(-1,0,0));
#983=FACE_BOUND('',#984,.T.);
#984=EDGE_LOOP('',(#985,#986,#987));
#985=ORIENTED_EDGE('',*,*,#988,.T.);
#986=ORIENTED_EDGE('',*,*,#989,.T.);
#987=ORIENTED_EDGE('',*,*,#990,.T.);
#988=EDGE_CURVE('',#111,#113,#991,.F.);
#989=EDGE_CURVE('',#113,#115,#992,.T.);
#990=EDGE_CURVE('',#115,#111,#993,.T.);
#991=LINE('',#110,#994);
#992=LINE('',#112,#995);
#993=LINE('',#114,#996);
#994=VECTOR('',#997,1.0);
#995=VECTOR('',#998,1.0);
#996=VECTOR('',#999,1.0);
#997=DIRECTION('',(-1,0,0));
#998=DIRECTION('',(0.27472112789737807,-0.9615239476408232,0));
#999=DIRECTION('',(0,1,0));
#1000=FACE_SURFACE('',(#1005),#1001,.T.);
#1001=PLANE('',#1002);
#1002=AXIS2_PLACEMENT_3D('',#112,#1003,#1004);
#1003=DIRECTION('',(0,0,1));
#1004=DIRECTION('',(0,-1,0));
#1005=FACE_BOUND('',#1006,.T.);
#1006=EDGE_LOOP('',(#1007,#1008,#1009));
#1007=ORIENTED_EDGE('',*,*,#1010,.T.);
#1008=ORIENTED_EDGE('',*,*,#1011,.T.);
#1009=ORIENTED_EDGE('',*,*,#1012,.T.);
#1010=EDGE_CURVE('',#113,#117,#1013,.F.);
#1011=EDGE_CURVE('',#117,#115,#1014,.T.);
#1012=EDGE_CURVE('',#115,#113,#1015,.T.);
#1013=LINE('',#112,#1016);
#1014=LINE('',#116,#1017);
#1015=LINE('',#114,#1018);
#1016=VECTOR('',#1019,1.0);
#1017=VECTOR('',#1020,1.0);
#1018=VECTOR('',#1021,1.0);
#1019=DIRECTION('',(0,-1,0));
#1020=DIRECTION('',(0.7071067811865472,-0.7071067811865479,0));
#1021=DIRECTION('',(-0.27472112789737807,0.9615239476408232,0));
#1022=FACE_SURFACE('',(#1027),#1023,.T.);
#1023=PLANE('',#1024);
#1024=AXIS2_PLACEMENT_3D('',#114,#1025,#1026);
#1025=DIRECTION('',(0,0,1));
#1026=DIRECTION('',(-0.7071067811865472,0.7071067811865479,0));
#1027=FACE_BOUND('',#1028,.T.);
#1028=EDGE_LOOP('',(#1029,#1030,#1031));
#1029=ORIENTED_EDGE('',*,*,#1032,.T.);
#1030=ORIENTED_EDGE('',*,*,#1033,.T.);
#1031=ORIENTED_EDGE('',*,*,#1034,.T.);
#1032=EDGE_CURVE('',#115,#117,#1035,.F.);
#1033=EDGE_CURVE('',#117,#119,#1036,.T.);
#1034=EDGE_CURVE('',#119,#115,#1037,.T.);
#1035=LINE('',#114,#1038);
#1036=LINE('',#116,#1039);
#1037=LINE('',#118,#1040);
#1038=VECTOR('',#1041,1.0);
#1039=VECTOR('',#1042,1.0);
#1040=VECTOR('',#1043,1.0);
#1041=DIRECTION('',(-0.7071067811865472,0.7071067811865479,0));
#1042=DIRECTION('',(-0.9958932064677039,-0.09053574604251861,0));
#1043=DIRECTION('',(1,0,0));
#1044=FACE_SURFACE('',(#1049),#1045,.T.);
#1045=PLANE('',#1046);
#1046=AXIS2_PLACEMENT_3D('',#116,#1047,#1048);
#1047=DIRECTION('',(0,0,1));
#1048=DIRECTION('',(-1,-8.673617379884035E-17,0));
#1049=FACE_BOUND('',#1050,.T.);
#1050=EDGE_LOOP('',(#1051,#1052,#1053));
#1051=ORIENTED_EDGE('',*,*,#1054,.T.);
#1052=ORIENTED_EDGE('',*,*,#1055,.T.);
#1053=ORIENTED_EDGE('',*,*,#1056,.T.);
#1054=EDGE_CURVE('',#117,#121,#1057,.F.);
#1055=EDGE_CURVE('',#121,#119,#1058,.T.);
#1056=EDGE_CURVE('',#119,#117,#1059,.T.);
#1057=LINE('',#116,#1060);
#1058=LINE('',#120,#1061);
#1059=LINE('',#118,#1062);
#1060=VECTOR('',#1063,1.0);
#1061=VECTOR('',#1064,1.0);
#1062=VECTOR('',#1065,1.0);
#1063=DIRECTION('',(-1,-8.673617379884035E-17,0));
#1064=DIRECTION('',(-0.7071067811865475,-0.7071067811865475,0));
#1065=DIRECTION('',(0.9958932064677039,0.09053574604251861,0));
#1066=FACE_SURFACE('',(#1071),#1067,.T.);
#1067=PLANE('',#1068);
#1068=AXIS2_PLACEMENT_3D('',#118,#1069,#1070);
#1069=DIRECTION('',(0,0,1));
#1070=DIRECTION('',(0.7071067811865475,0.7071067811865475,0));
#1071=FACE_BOUND('',#1072,.T.);
#1072=EDGE_LOOP('',(#1073,#1074,#1075));
#1073=ORIENTED_EDGE('',*,*,#1076,.T.);
#1074=ORIENTED_EDGE('',*,*,#1077,.T.);
#1075=ORIENTED_EDGE('',*,*,#1078,.T.);
#1076=EDGE_CURVE('',#119,#121,#1079,.F.);
#1077=EDGE_CURVE('',#121,#123,#1080,.T.);
#1078=EDGE_CURVE('',#123,#119,#1081,.T.);
#1079=LINE('',#118,#1082);
#1080=LINE('',#120,#1083);
#1081=LINE('',#122,#1084);
#1082=VECTOR('',#1085,1.0);
#1083=VECTOR('',#1086,1.0);
#1084=VECTOR('',#1087,1.0);
#1085=DIRECTION('',(0.7071067811865475,0.7071067811865475,0));
#1086=DIRECTION('',(-0.27492116930362426,0.9614667704443706,0));
#1087=DIRECTION('',(0,-1,0));
#1088=FACE_SURFACE('',(#1093),#1089,.T.);
#1089=PLANE('',#1090);
#1090=AXIS2_PLACEMENT_3D('',#120,#1091,#1092);
#1091=DIRECTION('',(0,-0,1));
#1092=DIRECTION('',(0,1,0));
#1093=FACE_BOUND('',#1094,.T.);
#1094=EDGE_LOOP('',(#1095,#1096,#1097));
#1095=ORIENTED_EDGE('',*,*,#1098,.T.);
#1096=ORIENTED_EDGE('',*,*,#1099,.T.);
#1097=ORIENTED_EDGE('',*,*,#1100,.T.);
#1098=EDGE_CURVE('',#121,#125,#1101,.F.);
#1099=EDGE_CURVE('',#125,#123,#1102,.T.);
#1100=EDGE_CURVE('',#123,#121,#1103,.T.);
#1101=LINE('',#120,#1104);
#1102=LINE('',#124,#1105);
#1103=LINE('',#122,#1106);
#1104=VECTOR('',#1107,1.0);
#1105=VECTOR('',#1108,1.0);
#1106=VECTOR('',#1109,1.0);
#1107=DIRECTION('',(0,1,0));
#1108=DIRECTION('',(-0.7061335234487942,-0.7080787011779067,0));
#1109=DIRECTION('',(0.27492116930362426,-0.9614667704443706,0));
#1110=FACE_SURFACE('',(#1115),#1111,.T.);
#1111=PLANE('',#1112);
#1112=AXIS2_PLACEMENT_3D('',#122,#1113,#1114);
#1113=DIRECTION('',(0,-0,1));
#1114=DIRECTION('',(0.7061335234487942,0.7080787011779067,0));
#1115=FACE_BOUND('',#1116,.T.);
#1116=EDGE_LOOP('',(#1117,#1118,#1119));
#1117=ORIENTED_EDGE('',*,*,#1120,.T.);
#1118=ORIENTED_EDGE('',*,*,#1121,.T.);
#1119=ORIENTED_EDGE('',*,*,#1122,.T.);
#1120=EDGE_CURVE('',#123,#125,#1123,.F.);
#1121=EDGE_CURVE('',#125,#127,#1124,.T.);
#1122=EDGE_CURVE('',#127,#123,#1125,.T.);
#1123=LINE('',#122,#1126);
#1124=LINE('',#124,#1127);
#1125=LINE('',#126,#1128);
#1126=VECTOR('',#1129,1.0);
#1127=VECTOR('',#1130,1.0);
#1128=VECTOR('',#1131,1.0);
#1129=DIRECTION('',(0.7061335234487942,0.7080787011779067,0));
#1130=DIRECTION('',(-0.9935113071098894,-0.11373338403828016,0));
#1131=DIRECTION('',(0.9993075131523311,0.037208791398047746,0));
#1132=FACE_SURFACE('',(#1137),#1133,.T.);
#1133=PLANE('',#1134);
#1134=AXIS2_PLACEMENT_3D('',#124,#1135,#1136);
#1135=DIRECTION('',(0,0,1));
#1136=DIRECTION('',(-0.9993148337667671,-0.037011660509880265,0));
#1137=FACE_BOUND('',#1138,.T.);
#1138=EDGE_LOOP('',(#1139,#1140,#1141));
#1139=ORIENTED_EDGE('',*,*,#1142,.T.);
#1140=ORIENTED_EDGE('',*,*,#1143,.T.);
#1141=ORIENTED_EDGE('',*,*,#1144,.T.);
#1142=EDGE_CURVE('',#125,#129,#1145,.F.);
#1143=EDGE_CURVE('',#129,#127,#1146,.T.);
#1144=EDGE_CURVE('',#127,#125,#1147,.T.);
#1145=LINE('',#124,#1148);
#1146=LINE('',#128,#1149);
#1147=LINE('',#126,#1150);
#1148=VECTOR('',#1151,1.0);
#1149=VECTOR('',#1152,1.0);
#1150=VECTOR('',#1153,1.0);
#1151=DIRECTION('',(-0.9993148337667671,-0.037011660509880265,0));
#1152=DIRECTION('',(0.7319239690060594,-0.6813863101019986,0));
#1153=DIRECTION('',(0.9935113071098894,0.11373338403828016,0));
#1154=FACE_SURFACE('',(#1159),#1155,.T.);
#1155=PLANE('',#1156);
#1156=AXIS2_PLACEMENT_3D('',#126,#1157,#1158);
#1157=DIRECTION('',(0,0,1));
#1158=DIRECTION('',(-0.7319239690060594,0.6813863101019986,0));
#1159=FACE_BOUND('',#1160,.T.);
#1160=EDGE_LOOP('',(#1161,#1162,#1163));
#1161=ORIENTED_EDGE('',*,*,#1164,.T.);
#1162=ORIENTED_EDGE('',*,*,#1165,.T.);
#1163=ORIENTED_EDGE('',*,*,#1166,.T.);
#1164=EDGE_CURVE('',#127,#129,#1167,.F.);
#1165=EDGE_CURVE('',#129,#131,#1168,.T.);
#1166=EDGE_CURVE('',#131,#127,#1169,.T.);
#1167=LINE('',#126,#1170);
#1168=LINE('',#128,#1171);
#1169=LINE('',#130,#1172);
#1170=VECTOR('',#1173,1.0);
#1171=VECTOR('',#1174,1.0);
#1172=VECTOR('',#1175,1.0);
#1173=DIRECTION('',(-0.7319239690060594,0.6813863101019986,0));
#1174=DIRECTION('',(0.19611613513818404,-0.9805806756909202,0));
#1175=DIRECTION('',(0,1,0));
#1176=FACE_SURFACE('',(#1181),#1177,.T.);
#1177=PLANE('',#1178);
#1178=AXIS2_PLACEMENT_3D('',#128,#1179,#1180);
#1179=DIRECTION('',(0,0,1));
#1180=DIRECTION('',(0,-1,0));
#1181=FACE_BOUND('',#1182,.T.);
#1182=EDGE_LOOP('',(#1183,#1184,#1185));
#1183=ORIENTED_EDGE('',*,*,#1186,.T.);
#1184=ORIENTED_EDGE('',*,*,#1187,.T.);
#1185=ORIENTED_EDGE('',*,*,#1188,.T.);
#1186=EDGE_CURVE('',#129,#133,#1189,.F.);
#1187=EDGE_CURVE('',#133,#131,#1190,.T.);
#1188=EDGE_CURVE('',#131,#129,#1191,.T.);
#1189=LINE('',#128,#1192);
#1190=LINE('',#132,#1193);
#1191=LINE('',#130,#1194);
#1192=VECTOR('',#1195,1.0);
#1193=VECTOR('',#1196,1.0);
#1194=VECTOR('',#1197,1.0);
#1195=DIRECTION('',(0,-1,0));
#1196=DIRECTION('',(0.7071067811865455,-0.7071067811865496,0));
#1197=DIRECTION('',(-0.19611613513818404,0.9805806756909202,0));
#1198=FACE_SURFACE('',(#1203),#1199,.T.);
#1199=PLANE('',#1200);
#1200=AXIS2_PLACEMENT_3D('',#130,#1201,#1202);
#1201=DIRECTION('',(0,0,1));
#1202=DIRECTION('',(-0.7071067811865455,0.7071067811865496,0));
#1203=FACE_BOUND('',#1204,.T.);
#1204=EDGE_LOOP('',(#1205,#1206,#1207));
#1205=ORIENTED_EDGE('',*,*,#1208,.T.);
#1206=ORIENTED_EDGE('',*,*,#1209,.T.);
#1207=ORIENTED_EDGE('',*,*,#1210,.T.);
#1208=EDGE_CURVE('',#131,#133,#1211,.F.);
#1209=EDGE_CURVE('',#133,#135,#1212,.T.);
#1210=EDGE_CURVE('',#135,#131,#1213,.T.);
#1211=LINE('',#130,#1214);
#1212=LINE('',#132,#1215);
#1213=LINE('',#134,#1216);
#1214=VECTOR('',#1217,1.0);
#1215=VECTOR('',#1218,1.0);
#1216=VECTOR('',#1219,1.0);
#1217=DIRECTION('',(-0.7071067811865455,0.7071067811865496,0));
#1218=DIRECTION('',(-0.9974586998307351,-0.07124704998791005,0));
#1219=DIRECTION('',(1,0,0));
#1220=FACE_SURFACE('',(#1225),#1221,.T.);
#1221=PLANE('',#1222);
#1222=AXIS2_PLACEMENT_3D('',#132,#1223,#1224);
#1223=DIRECTION('',(0,0,1));
#1224=DIRECTION('',(-1,-4.503609024170557E-16,0));
#1225=FACE_BOUND('',#1226,.T.);
#1226=EDGE_LOOP('',(#1227,#1228,#1229));
#1227=ORIENTED_EDGE('',*,*,#1230,.T.);
#1228=ORIENTED_EDGE('',*,*,#1231,.T.);
#1229=ORIENTED_EDGE('',*,*,#1232,.T.);
#1230=EDGE_CURVE('',#133,#137,#1233,.F.);
#1231=EDGE_CURVE('',#137,#135,#1234,.T.);
#1232=EDGE_CURVE('',#135,#133,#1235,.T.);
#1233=LINE('',#132,#1236);
#1234=LINE('',#136,#1237);
#1235=LINE('',#134,#1238);
#1236=VECTOR('',#1239,1.0);
#1237=VECTOR('',#1240,1.0);
#1238=VECTOR('',#1241,1.0);
#1239=DIRECTION('',(-1,-4.503609024170557E-16,0));
#1240=DIRECTION('',(-0.7071067811865475,-0.7071067811865475,0));
#1241=DIRECTION('',(0.9974586998307351,0.07124704998791005,0));
#1242=FACE_SURFACE('',(#1247),#1243,.T.);
#1243=PLANE('',#1244);
#1244=AXIS2_PLACEMENT_3D('',#134,#1245,#1246);
#1245=DIRECTION('',(0,0,1));
#1246=DIRECTION('',(0.7071067811865475,0.7071067811865475,0));
#1247=FACE_BOUND('',#1248,.T.);
#1248=EDGE_LOOP('',(#1249,#1250,#1251));
#1249=ORIENTED_EDGE('',*,*,#1252,.T.);
#1250=ORIENTED_EDGE('',*,*,#1253,.T.);
#1251=ORIENTED_EDGE('',*,*,#1254,.T.);
#1252=EDGE_CURVE('',#135,#137,#1255,.F.);
#1253=EDGE_CURVE('',#137,#139,#1256,.T.);
#1254=EDGE_CURVE('',#139,#135,#1257,.T.);
#1255=LINE('',#134,#1258);
#1256=LINE('',#136,#1259);
#1257=LINE('',#138,#1260);
#1258=VECTOR('',#1261,1.0);
#1259=VECTOR('',#1262,1.0);
#1260=VECTOR('',#1263,1.0);
#1261=DIRECTION('',(0.7071067811865475,0.7071067811865475,0));
#1262=DIRECTION('',(-0.30980317292785625,0.950800712054757,0));
#1263=DIRECTION('',(0,-1,0));
#1264=FACE_SURFACE('',(#1269),#1265,.T.);
#1265=PLANE('',#1266);
#1266=AXIS2_PLACEMENT_3D('',#136,#1267,#1268);
#1267=DIRECTION('',(0,-0,1));
#1268=DIRECTION('',(0,1,0));
#1269=FACE_BOUND('',#1270,.T.);
#1270=EDGE_LOOP('',(#1271,#1272,#1273));
#1271=ORIENTED_EDGE('',*,*,#1274,.T.);
#1272=ORIENTED_EDGE('',*,*,#1275,.T.);
#1273=ORIENTED_EDGE('',*,*,#1276,.T.);
#1274=EDGE_CURVE('',#137,#141,#1277,.F.);
#1275=EDGE_CURVE('',#141,#139,#1278,.T.);
#1276=EDGE_CURVE('',#139,#137,#1279,.T.);
#1277=LINE('',#136,#1280);
#1278=LINE('',#140,#1281);
#1279=LINE('',#138,#1282);
#1280=VECTOR('',#1283,1.0);
#1281=VECTOR('',#1284,1.0);
#1282=VECTOR('',#1285,1.0);
#1283=DIRECTION('',(0,1,0));
#1284=DIRECTION('',(-0.7319239690060594,-0.6813863101019986,0));
#1285=DIRECTION('',(0.30980317292785625,-0.950800712054757,0));
#1286=FACE_SURFACE('',(#1291),#1287,.T.);
#1287=PLANE('',#1288);
#1288=AXIS2_PLACEMENT_3D('',#138,#1289,#1290);
#1289=DIRECTION('',(0,-0,1));
#1290=DIRECTION('',(0.7319239690060594,0.6813863101019986,0));
#1291=FACE_BOUND('',#1292,.T.);
#1292=EDGE_LOOP('',(#1293,#1294,#1295));
#1293=ORIENTED_EDGE('',*,*,#1296,.T.);
#1294=ORIENTED_EDGE('',*,*,#1297,.T.);
#1295=ORIENTED_EDGE('',*,*,#1298,.T.);
#1296=EDGE_CURVE('',#139,#141,#1299,.F.);
#1297=EDGE_CURVE('',#141,#143,#1300,.T.);
#1298=EDGE_CURVE('',#143,#139,#1301,.T.);
#1299=LINE('',#138,#1302);
#1300=LINE('',#140,#1303);
#1301=LINE('',#142,#1304);
#1302=VECTOR('',#1305,1.0);
#1303=VECTOR('',#1306,1.0);
#1304=VECTOR('',#1307,1.0);
#1305=DIRECTION('',(0.7319239690060594,0.6813863101019986,0));
#1306=DIRECTION('',(-0.9993148337667671,-0.037011660509880265,0));
#1307=DIRECTION('',(0.9994062256103091,-0.03445571376935551,0));
#1308=FACE_SURFACE('',(#1313),#1309,.T.);
#1309=PLANE('',#1310);
#1310=AXIS2_PLACEMENT_3D('',#140,#1311,#1312);
#1311=DIRECTION('',(0,0,1));
#1312=DIRECTION('',(-0.9993148337667671,0.037011660509880265,0));
#1313=FACE_BOUND('',#1314,.T.);
#1314=EDGE_LOOP('',(#1315,#1316,#1317));
#1315=ORIENTED_EDGE('',*,*,#1318,.T.);
#1316=ORIENTED_EDGE('',*,*,#1319,.T.);
#1317=ORIENTED_EDGE('',*,*,#1320,.T.);
#1318=EDGE_CURVE('',#141,#145,#1321,.F.);
#1319=EDGE_CURVE('',#145,#143,#1322,.T.);
#1320=EDGE_CURVE('',#143,#141,#1323,.T.);
#1321=LINE('',#140,#1324);
#1322=LINE('',#144,#1325);
#1323=LINE('',#142,#1326);
#1324=VECTOR('',#1327,1.0);
#1325=VECTOR('',#1328,1.0);
#1326=VECTOR('',#1329,1.0);
#1327=DIRECTION('',(-0.9993148337667671,0.037011660509880265,0));
#1328=DIRECTION('',(0,-1,0));
#1329=DIRECTION('',(0.9993148337667671,0.037011660509880265,0));
#1330=FACE_SURFACE('',(#1335),#1331,.T.);
#1331=PLANE('',#1332);
#1332=AXIS2_PLACEMENT_3D('',#142,#1333,#1334);
#1333=DIRECTION('',(0,-0,1));
#1334=DIRECTION('',(0,1,0));
#1335=FACE_BOUND('',#1336,.T.);
#1336=EDGE_LOOP('',(#1337,#1338,#1339));
#1337=ORIENTED_EDGE('',*,*,#1340,.T.);
#1338=ORIENTED_EDGE('',*,*,#1341,.T.);
#1339=ORIENTED_EDGE('',*,*,#1342,.T.);
#1340=EDGE_CURVE('',#143,#145,#1343,.F.);
#1341=EDGE_CURVE('',#145,#147,#1344,.T.);
#1342=EDGE_CURVE('',#147,#143,#1345,.T.);
#1343=LINE('',#142,#1346);
#1344=LINE('',#144,#1347);
#1345=LINE('',#146,#1348);
#1346=VECTOR('',#1349,1.0);
#1347=VECTOR('',#1350,1.0);
#1348=VECTOR('',#1351,1.0);
#1349=DIRECTION('',(0,1,0));
#1350=DIRECTION('',(-0.9935113071098894,-0.11373338403828016,0));
#1351=DIRECTION('',(0.9994062256103091,0.03445571376935551,0));
#1352=FACE_SURFACE('',(#1357),#1353,.T.);
#1353=PLANE('',#1354);
#1354=AXIS2_PLACEMENT_3D('',#144,#1355,#1356);
#1355=DIRECTION('',(0,0,1));
#1356=DIRECTION('',(-0.9993148337667671,-0.037011660509880265,0));
#1357=FACE_BOUND('',#1358,.T.);
#1358=EDGE_LOOP('',(#1359,#1360,#1361));
#1359=ORIENTED_EDGE('',*,*,#1362,.T.);
#1360=ORIENTED_EDGE('',*,*,#1363,.T.);
#1361=ORIENTED_EDGE('',*,*,#1364,.T.);
#1362=EDGE_CURVE('',#145,#149,#1365,.F.);
#1363=EDGE_CURVE('',#149,#147,#1366,.T.);
#1364=EDGE_CURVE('',#147,#145,#1367,.T.);
#1365=LINE('',#144,#1368);
#1366=LINE('',#148,#1369);
#1367=LINE('',#146,#1370);
#1368=VECTOR('',#1371,1.0);
#1369=VECTOR('',#1372,1.0);
#1370=VECTOR('',#1373,1.0);
#1371=DIRECTION('',(-0.9993148337667671,-0.037011660509880265,0));
#1372=DIRECTION('',(0.7319239690060594,-0.6813863101019986,0));
#1373=DIRECTION('',(0.9935113071098894,0.11373338403828016,0));
#1374=FACE_SURFACE('',(#1379),#1375,.T.);
#1375=PLANE('',#1376);
#1376=AXIS2_PLACEMENT_3D('',#146,#1377,#1378);
#1377=DIRECTION('',(0,0,1));
#1378=DIRECTION('',(-0.7319239690060594,0.6813863101019986,0));
#1379=FACE_BOUND('',#1380,.T.);
#1380=EDGE_LOOP('',(#1381,#1382,#1383));
#1381=ORIENTED_EDGE('',*,*,#1384,.T.);
#1382=ORIENTED_EDGE('',*,*,#1385,.T.);
#1383=ORIENTED_EDGE('',*,*,#1386,.T.);
#1384=EDGE_CURVE('',#147,#149,#1387,.F.);
#1385=EDGE_CURVE('',#149,#151,#1388,.T.);
#1386=EDGE_CURVE('',#151,#147,#1389,.T.);
#1387=LINE('',#146,#1390);
#1388=LINE('',#148,#1391);
#1389=LINE('',#150,#1392);
#1390=VECTOR('',#1393,1.0);
#1391=VECTOR('',#1394,1.0);
#1392=VECTOR('',#1395,1.0);
#1393=DIRECTION('',(-0.7319239690060594,0.6813863101019986,0));
#1394=DIRECTION('',(0.19611613513818404,-0.9805806756909202,0));
#1395=DIRECTION('',(0,1,0));
#1396=FACE_SURFACE('',(#1401),#1397,.T.);
#1397=PLANE('',#1398);
#1398=AXIS2_PLACEMENT_3D('',#148,#1399,#1400);
#1399=DIRECTION('',(0,0,1));
#1400=DIRECTION('',(0,-1,0));
#1401=FACE_BOUND('',#1402,.T.);
#1402=EDGE_LOOP('',(#1403,#1404,#1405));
#1403=ORIENTED_EDGE('',*,*,#1406,.T.);
#1404=ORIENTED_EDGE('',*,*,#1407,.T.);
#1405=ORIENTED_EDGE('',*,*,#1408,.T.);
#1406=EDGE_CURVE('',#149,#153,#1409,.F.);
#1407=EDGE_CURVE('',#153,#151,#1410,.T.);
#1408=EDGE_CURVE('',#151,#149,#1411,.T.);
#1409=LINE('',#148,#1412);
#1410=LINE('',#152,#1413);
#1411=LINE('',#150,#1414);
#1412=VECTOR('',#1415,1.0);
#1413=VECTOR('',#1416,1.0);
#1414=VECTOR('',#1417,1.0);
#1415=DIRECTION('',(0,-1,0));
#1416=DIRECTION('',(0.7071067811865477,-0.7071067811865474,0));
#1417=DIRECTION('',(-0.19611613513818404,0.9805806756909202,0));
#1418=FACE_SURFACE('',(#1423),#1419,.T.);
#1419=PLANE('',#1420);
#1420=AXIS2_PLACEMENT_3D('',#150,#1421,#1422);
#1421=DIRECTION('',(0,0,1));
#1422=DIRECTION('',(-0.7071067811865477,0.7071067811865474,0));
#1423=FACE_BOUND('',#1424,.T.);
#1424=EDGE_LOOP('',(#1425,#1426,#1427));
#1425=ORIENTED_EDGE('',*,*,#1428,.T.);
#1426=ORIENTED_EDGE('',*,*,#1429,.T.);
#1427=ORIENTED_EDGE('',*,*,#1430,.T.);
#1428=EDGE_CURVE('',#151,#153,#1431,.F.);
#1429=EDGE_CURVE('',#153,#155,#1432,.T.);
#1430=EDGE_CURVE('',#155,#151,#1433,.T.);
#1431=LINE('',#150,#1434);
#1432=LINE('',#152,#1435);
#1433=LINE('',#154,#1436);
#1434=VECTOR('',#1437,1.0);
#1435=VECTOR('',#1438,1.0);
#1436=VECTOR('',#1439,1.0);
#1437=DIRECTION('',(-0.7071067811865477,0.7071067811865474,0));
#1438=DIRECTION('',(-0.9974586998307351,-0.07124704998790961,0));
#1439=DIRECTION('',(1,0,0));
#1440=FACE_SURFACE('',(#1445),#1441,.T.);
#1441=PLANE('',#1442);
#1442=AXIS2_PLACEMENT_3D('',#152,#1443,#1444);
#1443=DIRECTION('',(0,0,1));
#1444=DIRECTION('',(-1,3.336006684570783E-17,0));
#1445=FACE_BOUND('',#1446,.T.);
#1446=EDGE_LOOP('',(#1447,#1448,#1449));
#1447=ORIENTED_EDGE('',*,*,#1450,.T.);
#1448=ORIENTED_EDGE('',*,*,#1451,.T.);
#1449=ORIENTED_EDGE('',*,*,#1452,.T.);
#1450=EDGE_CURVE('',#153,#157,#1453,.F.);
#1451=EDGE_CURVE('',#157,#155,#1454,.T.);
#1452=EDGE_CURVE('',#155,#153,#1455,.T.);
#1453=LINE('',#152,#1456);
#1454=LINE('',#156,#1457);
#1455=LINE('',#154,#1458);
#1456=VECTOR('',#1459,1.0);
#1457=VECTOR('',#1460,1.0);
#1458=VECTOR('',#1461,1.0);
#1459=DIRECTION('',(-1,3.336006684570783E-17,0));
#1460=DIRECTION('',(-0.7071067811865475,-0.7071067811865475,0));
#1461=DIRECTION('',(0.9974586998307351,0.07124704998790961,0));
#1462=FACE_SURFACE('',(#1467),#1463,.T.);
#1463=PLANE('',#1464);
#1464=AXIS2_PLACEMENT_3D('',#154,#1465,#1466);
#1465=DIRECTION('',(0,0,1));
#1466=DIRECTION('',(0.7071067811865475,0.7071067811865475,0));
#1467=FACE_BOUND('',#1468,.T.);
#1468=EDGE_LOOP('',(#1469,#1470,#1471));
#1469=ORIENTED_EDGE('',*,*,#1472,.T.);
#1470=ORIENTED_EDGE('',*,*,#1473,.T.);
#1471=ORIENTED_EDGE('',*,*,#1474,.T.);
#1472=EDGE_CURVE('',#155,#157,#1475,.F.);
#1473=EDGE_CURVE('',#157,#159,#1476,.T.);
#1474=EDGE_CURVE('',#159,#155,#1477,.T.);
#1475=LINE('',#154,#1478);
#1476=LINE('',#156,#1479);
#1477=LINE('',#158,#1480);
#1478=VECTOR('',#1481,1.0);
#1479=VECTOR('',#1482,1.0);
#1480=VECTOR('',#1483,1.0);
#1481=DIRECTION('',(0.7071067811865475,0.7071067811865475,0));
#1482=DIRECTION('',(-0.30980317292785625,0.950800712054757,0));
#1483=DIRECTION('',(0,-1,0));
#1484=FACE_SURFACE('',(#1489),#1485,.T.);
#1485=PLANE('',#1486);
#1486=AXIS2_PLACEMENT_3D('',#156,#1487,#1488);
#1487=DIRECTION('',(0,-0,1));
#1488=DIRECTION('',(0,1,0));
#1489=FACE_BOUND('',#1490,.T.);
#1490=EDGE_LOOP('',(#1491,#1492,#1493));
#1491=ORIENTED_EDGE('',*,*,#1494,.T.);
#1492=ORIENTED_EDGE('',*,*,#1495,.T.);
#1493=ORIENTED_EDGE('',*,*,#1496,.T.);
#1494=EDGE_CURVE('',#157,#161,#1497,.F.);
#1495=EDGE_CURVE('',#161,#159,#1498,.T.);
#1496=EDGE_CURVE('',#159,#157,#1499,.T.);
#1497=LINE('',#156,#1500);
#1498=LINE('',#160,#1501);
#1499=LINE('',#158,#1502);
#1500=VECTOR('',#1503,1.0);
#1501=VECTOR('',#1504,1.0);
#1502=VECTOR('',#1505,1.0);
#1503=DIRECTION('',(0,1,0));
#1504=DIRECTION('',(-0.7319239690060594,-0.6813863101019986,0));
#1505=DIRECTION('',(0.30980317292785625,-0.950800712054757,0));
#1506=FACE_SURFACE('',(#1511),#1507,.T.);
#1507=PLANE('',#1508);
#1508=AXIS2_PLACEMENT_3D('',#158,#1509,#1510);
#1509=DIRECTION('',(0,-0,1));
#1510=DIRECTION('',(0.7319239690060594,0.6813863101019986,0));
#1511=FACE_BOUND('',#1512,.T.);
#1512=EDGE_LOOP('',(#1513,#1514,#1515));
#1513=ORIENTED_EDGE('',*,*,#1516,.T.);
#1514=ORIENTED_EDGE('',*,*,#1517,.T.);
#1515=ORIENTED_EDGE('',*,*,#1518,.T.);
#1516=EDGE_CURVE('',#159,#161,#1519,.F.);
#1517=EDGE_CURVE('',#161,#163,#1520,.T.);
#1518=EDGE_CURVE('',#163,#159,#1521,.T.);
#1519=LINE('',#158,#1522);
#1520=LINE('',#160,#1523);
#1521=LINE('',#162,#1524);
#1522=VECTOR('',#1525,1.0);
#1523=VECTOR('',#1526,1.0);
#1524=VECTOR('',#1527,1.0);
#1525=DIRECTION('',(0.7319239690060594,0.6813863101019986,0));
#1526=DIRECTION('',(-0.9993148337667671,-0.037011660509880265,0));
#1527=DIRECTION('',(0.9994062256103091,-0.03445571376935551,0));
#1528=FACE_SURFACE('',(#1533),#1529,.T.);
#1529=PLANE('',#1530);
#1530=AXIS2_PLACEMENT_3D('',#160,#1531,#1532);
#1531=DIRECTION('',(0,0,1));
#1532=DIRECTION('',(-0.9993148337667671,0.037011660509880265,0));
#1533=FACE_BOUND('',#1534,.T.);
#1534=EDGE_LOOP('',(#1535,#1536,#1537));
#1535=ORIENTED_EDGE('',*,*,#1538,.T.);
#1536=ORIENTED_EDGE('',*,*,#1539,.T.);
#1537=ORIENTED_EDGE('',*,*,#1540,.T.);
#1538=EDGE_CURVE('',#161,#165,#1541,.F.);
#1539=EDGE_CURVE('',#165,#163,#1542,.T.);
#1540=EDGE_CURVE('',#163,#161,#1543,.T.);
#1541=LINE('',#160,#1544);
#1542=LINE('',#164,#1545);
#1543=LINE('',#162,#1546);
#1544=VECTOR('',#1547,1.0);
#1545=VECTOR('',#1548,1.0);
#1546=VECTOR('',#1549,1.0);
#1547=DIRECTION('',(-0.9993148337667671,0.037011660509880265,0));
#1548=DIRECTION('',(0,-1,0));
#1549=DIRECTION('',(0.9993148337667671,0.037011660509880265,0));
#1550=FACE_SURFACE('',(#1555),#1551,.T.);
#1551=PLANE('',#1552);
#1552=AXIS2_PLACEMENT_3D('',#162,#1553,#1554);
#1553=DIRECTION('',(0,-0,1));
#1554=DIRECTION('',(0,1,0));
#1555=FACE_BOUND('',#1556,.T.);
#1556=EDGE_LOOP('',(#1557,#1558,#1559));
#1557=ORIENTED_EDGE('',*,*,#1560,.T.);
#1558=ORIENTED_EDGE('',*,*,#1561,.T.);
#1559=ORIENTED_EDGE('',*,*,#1562,.T.);
#1560=EDGE_CURVE('',#163,#165,#1563,.F.);
#1561=EDGE_CURVE('',#165,#167,#1564,.T.);
#1562=EDGE_CURVE('',#167,#163,#1565,.T.);
#1563=LINE('',#162,#1566);
#1564=LINE('',#164,#1567);
#1565=LINE('',#166,#1568);
#1566=VECTOR('',#1569,1.0);
#1567=VECTOR('',#1570,1.0);
#1568=VECTOR('',#1571,1.0);
#1569=DIRECTION('',(0,1,0));
#1570=DIRECTION('',(-0.9935113071098894,-0.11373338403828016,0));
#1571=DIRECTION('',(0.9994062256103091,0.03445571376935551,0));
#1572=FACE_SURFACE('',(#1577),#1573,.T.);
#1573=PLANE('',#1574);
#1574=AXIS2_PLACEMENT_3D('',#164,#1575,#1576);
#1575=DIRECTION('',(0,0,1));
#1576=DIRECTION('',(-0.9993148337667671,-0.037011660509880265,0));
#1577=FACE_BOUND('',#1578,.T.);
#1578=EDGE_LOOP('',(#1579,#1580,#1581));
#1579=ORIENTED_EDGE('',*,*,#1582,.T.);
#1580=ORIENTED_EDGE('',*,*,#1583,.T.);
#1581=ORIENTED_EDGE('',*,*,#1584,.T.);
#1582=EDGE_CURVE('',#165,#169,#1585,.F.);
#1583=EDGE_CURVE('',#169,#167,#1586,.T.);
#1584=EDGE_CURVE('',#167,#165,#1587,.T.);
#1585=LINE('',#164,#1588);
#1586=LINE('',#168,#1589);
#1587=LINE('',#166,#1590);
#1588=VECTOR('',#1591,1.0);
#1589=VECTOR('',#1592,1.0);
#1590=VECTOR('',#1593,1.0);
#1591=DIRECTION('',(-0.9993148337667671,-0.037011660509880265,0));
#1592=DIRECTION('',(0.7319239690060594,-0.6813863101019986,0));
#1593=DIRECTION('',(0.9935113071098894,0.11373338403828016,0));
#1594=FACE_SURFACE('',(#1599),#1595,.T.);
#1595=PLANE('',#1596);
#1596=AXIS2_PLACEMENT_3D('',#166,#1597,#1598);
#1597=DIRECTION('',(0,0,1));
#1598=DIRECTION('',(-0.7319239690060594,0.6813863101019986,0));
#1599=FACE_BOUND('',#1600,.T.);
#1600=EDGE_LOOP('',(#1601,#1602,#1603));
#1601=ORIENTED_EDGE('',*,*,#1604,.T.);
#1602=ORIENTED_EDGE('',*,*,#1605,.T.);
#1603=ORIENTED_EDGE('',*,*,#1606,.T.);
#1604=EDGE_CURVE('',#167,#169,#1607,.F.);
#1605=EDGE_CURVE('',#169,#171,#1608,.T.);
#1606=EDGE_CURVE('',#171,#167,#1609,.T.);
#1607=LINE('',#166,#1610);
#1608=LINE('',#168,#1611);
#1609=LINE('',#170,#1612);
#1610=VECTOR('',#1613,1.0);
#1611=VECTOR('',#1614,1.0);
#1612=VECTOR('',#1615,1.0);
#1613=DIRECTION('',(-0.7319239690060594,0.6813863101019986,0));
#1614=DIRECTION('',(0.19611613513818404,-0.9805806756909202,0));
#1615=DIRECTION('',(0,1,0));
#1616=FACE_SURFACE('',(#1621),#1617,.T.);
#1617=PLANE('',#1618);
#1618=AXIS2_PLACEMENT_3D('',#168,#1619,#1620);
#1619=DIRECTION('',(0,0,1));
#1620=DIRECTION('',(0,-1,0));
#1621=FACE_BOUND('',#1622,.T.);
#1622=EDGE_LOOP('',(#1623,#1624,#1625));
#1623=ORIENTED_EDGE('',*,*,#1626,.T.);
#1624=ORIENTED_EDGE('',*,*,#1627,.T.);
#1625=ORIENTED_EDGE('',*,*,#1628,.T.);
#1626=EDGE_CURVE('',#169,#173,#1629,.F.);
#1627=EDGE_CURVE('',#173,#171,#1630,.T.);
#1628=EDGE_CURVE('',#171,#169,#1631,.T.);
#1629=LINE('',#168,#1632);
#1630=LINE('',#172,#1633);
#1631=LINE('',#170,#1634);
#1632=VECTOR('',#1635,1.0);
#1633=VECTOR('',#1636,1.0);
#1634=VECTOR('',#1637,1.0);
#1635=DIRECTION('',(0,-1,0));
#1636=DIRECTION('',(0.7071067811865475,-0.7071067811865475,0));
#1637=DIRECTION('',(-0.19611613513818404,0.9805806756909202,0));
#1638=FACE_SURFACE('',(#1643),#1639,.T.);
#1639=PLANE('',#1640);
#1640=AXIS2_PLACEMENT_3D('',#170,#1641,#1642);
#1641=DIRECTION('',(0,0,1));
#1642=DIRECTION('',(-0.7071067811865475,0.7071067811865475,0));
#1643=FACE_BOUND('',#1644,.T.);
#1644=EDGE_LOOP('',(#1645,#1646,#1647));
#1645=ORIENTED_EDGE('',*,*,#1648,.T.);
#1646=ORIENTED_EDGE('',*,*,#1649,.T.);
#1647=ORIENTED_EDGE('',*,*,#1650,.T.);
#1648=EDGE_CURVE('',#171,#173,#1651,.F.);
#1649=EDGE_CURVE('',#173,#175,#1652,.T.);
#1650=EDGE_CURVE('',#175,#171,#1653,.T.);
#1651=LINE('',#170,#1654);
#1652=LINE('',#172,#1655);
#1653=LINE('',#174,#1656);
#1654=VECTOR('',#1657,1.0);
#1655=VECTOR('',#1658,1.0);
#1656=VECTOR('',#1659,1.0);
#1657=DIRECTION('',(-0.7071067811865475,0.7071067811865475,0));
#1658=DIRECTION('',(-0.9974586998307351,-0.07124704998790965,0));
#1659=DIRECTION('',(1,0,0));
#1660=FACE_SURFACE('',(#1665),#1661,.T.);
#1661=PLANE('',#1662);
#1662=AXIS2_PLACEMENT_3D('',#172,#1663,#1664);
#1663=DIRECTION('',(0,0,1));
#1664=DIRECTION('',(-1,0,0));
#1665=FACE_BOUND('',#1666,.T.);
#1666=EDGE_LOOP('',(#1667,#1668,#1669));
#1667=ORIENTED_EDGE('',*,*,#1670,.T.);
#1668=ORIENTED_EDGE('',*,*,#1671,.T.);
#1669=ORIENTED_EDGE('',*,*,#1672,.T.);
#1670=EDGE_CURVE('',#173,#177,#1673,.F.);
#1671=EDGE_CURVE('',#177,#175,#1674,.T.);
#1672=EDGE_CURVE('',#175,#173,#1675,.T.);
#1673=LINE('',#172,#1676);
#1674=LINE('',#176,#1677);
#1675=LINE('',#174,#1678);
#1676=VECTOR('',#1679,1.0);
#1677=VECTOR('',#1680,1.0);
#1678=VECTOR('',#1681,1.0);
#1679=DIRECTION('',(-1,0,0));
#1680=DIRECTION('',(-0.7071067811865475,-0.7071067811865475,0));
#1681=DIRECTION('',(0.9974586998307351,0.07124704998790965,0));
#1682=FACE_SURFACE('',(#1687),#1683,.T.);
#1683=PLANE('',#1684);
#1684=AXIS2_PLACEMENT_3D('',#174,#1685,#1686);
#1685=DIRECTION('',(0,0,1));
#1686=DIRECTION('',(0.7071067811865475,0.7071067811865475,0));
#1687=FACE_BOUND('',#1688,.T.);
#1688=EDGE_LOOP('',(#1689,#1690,#1691));
#1689=ORIENTED_EDGE('',*,*,#1692,.T.);
#1690=ORIENTED_EDGE('',*,*,#1693,.T.);
#1691=ORIENTED_EDGE('',*,*,#1694,.T.);
#1692=EDGE_CURVE('',#175,#177,#1695,.F.);
#1693=EDGE_CURVE('',#177,#179,#1696,.T.);
#1694=EDGE_CURVE('',#179,#175,#1697,.T.);
#1695=LINE('',#174,#1698);
#1696=LINE('',#176,#1699);
#1697=LINE('',#178,#1700);
#1698=VECTOR('',#1701,1.0);
#1699=VECTOR('',#1702,1.0);
#1700=VECTOR('',#1703,1.0);
#1701=DIRECTION('',(0.7071067811865475,0.7071067811865475,0));
#1702=DIRECTION('',(-0.30980317292785625,0.950800712054757,0));
#1703=DIRECTION('',(0,-1,0));
#1704=FACE_SURFACE('',(#1709),#1705,.T.);
#1705=PLANE('',#1706);
#1706=AXIS2_PLACEMENT_3D('',#176,#1707,#1708);
#1707=DIRECTION('',(0,-0,1));
#1708=DIRECTION('',(0,1,0));
#1709=FACE_BOUND('',#1710,.T.);
#1710=EDGE_LOOP('',(#1711,#1712,#1713));
#1711=ORIENTED_EDGE('',*,*,#1714,.T.);
#1712=ORIENTED_EDGE('',*,*,#1715,.T.);
#1713=ORIENTED_EDGE('',*,*,#1716,.T.);
#1714=EDGE_CURVE('',#177,#181,#1717,.F.);
#1715=EDGE_CURVE('',#181,#179,#1718,.T.);
#1716=EDGE_CURVE('',#179,#177,#1719,.T.);
#1717=LINE('',#176,#1720);
#1718=LINE('',#180,#1721);
#1719=LINE('',#178,#1722);
#1720=VECTOR('',#1723,1.0);
#1721=VECTOR('',#1724,1.0);
#1722=VECTOR('',#1725,1.0);
#1723=DIRECTION('',(0,1,0));
#1724=DIRECTION('',(-0.7319239690060594,-0.6813863101019986,0));
#1725=DIRECTION('',(0.30980317292785625,-0.950800712054757,0));
#1726=FACE_SURFACE('',(#1731),#1727,.T.);
#1727=PLANE('',#1728);
#1728=AXIS2_PLACEMENT_3D('',#178,#1729,#1730);
#1729=DIRECTION('',(0,-0,1));
#1730=DIRECTION('',(0.7319239690060594,0.6813863101019986,0));
#1731=FACE_BOUND('',#1732,.T.);
#1732=EDGE_LOOP('',(#1733,#1734,#1735));
#1733=ORIENTED_EDGE('',*,*,#1736,.T.);
#1734=ORIENTED_EDGE('',*,*,#1737,.T.);
#1735=ORIENTED_EDGE('',*,*,#1738,.T.);
#1736=EDGE_CURVE('',#179,#181,#1739,.F.);
#1737=EDGE_CURVE('',#181,#183,#1740,.T.);
#1738=EDGE_CURVE('',#183,#179,#1741,.T.);
#1739=LINE('',#178,#1742);
#1740=LINE('',#180,#1743);
#1741=LINE('',#182,#1744);
#1742=VECTOR('',#1745,1.0);
#1743=VECTOR('',#1746,1.0);
#1744=VECTOR('',#1747,1.0);
#1745=DIRECTION('',(0.7319239690060594,0.6813863101019986,0));
#1746=DIRECTION('',(-0.9993148337667671,-0.037011660509880265,0));
#1747=DIRECTION('',(0.9994062256103091,-0.03445571376935551,0));
#1748=FACE_SURFACE('',(#1753),#1749,.T.);
#1749=PLANE('',#1750);
#1750=AXIS2_PLACEMENT_3D('',#180,#1751,#1752);
#1751=DIRECTION('',(0,0,1));
#1752=DIRECTION('',(-0.9993148337667671,0.037011660509880265,0));
#1753=FACE_BOUND('',#1754,.T.);
#1754=EDGE_LOOP('',(#1755,#1756,#1757));
#1755=ORIENTED_EDGE('',*,*,#1758,.T.);
#1756=ORIENTED_EDGE('',*,*,#1759,.T.);
#1757=ORIENTED_EDGE('',*,*,#1760,.T.);
#1758=EDGE_CURVE('',#181,#185,#1761,.F.);
#1759=EDGE_CURVE('',#185,#183,#1762,.T.);
#1760=EDGE_CURVE('',#183,#181,#1763,.T.);
#1761=LINE('',#180,#1764);
#1762=LINE('',#184,#1765);
#1763=LINE('',#182,#1766);
#1764=VECTOR('',#1767,1.0);
#1765=VECTOR('',#1768,1.0);
#1766=VECTOR('',#1769,1.0);
#1767=DIRECTION('',(-0.9993148337667671,0.037011660509880265,0));
#1768=DIRECTION('',(0,-1,0));
#1769=DIRECTION('',(0.9993148337667671,0.037011660509880265,0));
#1770=FACE_SURFACE('',(#1775),#1771,.T.);
#1771=PLANE('',#1772);
#1772=AXIS2_PLACEMENT_3D('',#146,#1773,#1774);
#1773=DIRECTION('',(1,0,0));
#1774=DIRECTION('',(0,-1,0));
#1775=FACE_BOUND('',#1776,.T.);
#1776=EDGE_LOOP('',(#1777,#1778,#1779));
#1777=ORIENTED_EDGE('',*,*,#1780,.T.);
#1778=ORIENTED_EDGE('',*,*,#1781,.T.);
#1779=ORIENTED_EDGE('',*,*,#1782,.T.);
#1780=EDGE_CURVE('',#147,#151,#1783,.F.);
#1781=EDGE_CURVE('',#151,#71,#1784,.T.);
#1782=EDGE_CURVE('',#71,#147,#1785,.T.);
#1783=LINE('',#146,#1786);
#1784=LINE('',#150,#1787);
#1785=LINE('',#70,#1788);
#1786=VECTOR('',#1789,1.0);
#1787=VECTOR('',#1790,1.0);
#1788=VECTOR('',#1791,1.0);
#1789=DIRECTION('',(0,-1,0));
#1790=DIRECTION('',(0,0.3902507420601045,-0.9207086174906466));
#1791=DIRECTION('',(0,0,1));
#1792=FACE_SURFACE('',(#1797),#1793,.T.);
#1793=PLANE('',#1794);
#1794=AXIS2_PLACEMENT_3D('',#150,#1795,#1796);
#1795=DIRECTION('',(1,0,0));
#1796=DIRECTION('',(0,0,-1));
#1797=FACE_BOUND('',#1798,.T.);
#1798=EDGE_LOOP('',(#1799,#1800,#1801));
#1799=ORIENTED_EDGE('',*,*,#1802,.T.);
#1800=ORIENTED_EDGE('',*,*,#1803,.T.);
#1801=ORIENTED_EDGE('',*,*,#1804,.T.);
#1802=EDGE_CURVE('',#151,#67,#1805,.F.);
#1803=EDGE_CURVE('',#67,#71,#1806,.T.);
#1804=EDGE_CURVE('',#71,#151,#1807,.T.);
#1805=LINE('',#150,#1808);
#1806=LINE('',#66,#1809);
#1807=LINE('',#70,#1810);
#1808=VECTOR('',#1811,1.0);
#1809=VECTOR('',#1812,1.0);
#1810=VECTOR('',#1813,1.0);
#1811=DIRECTION('',(0,0,-1));
#1812=DIRECTION('',(0,1,0));
#1813=DIRECTION('',(0,-0.3902507420601045,0.9207086174906466));
#1814=FACE_SURFACE('',(#1819),#1815,.T.);
#1815=PLANE('',#1816);
#1816=AXIS2_PLACEMENT_3D('',#150,#1817,#1818);
#1817=DIRECTION('',(-0,-1,-0));
#1818=DIRECTION('',(-1,0,0));
#1819=FACE_BOUND('',#1820,.T.);
#1820=EDGE_LOOP('',(#1821,#1822,#1823));
#1821=ORIENTED_EDGE('',*,*,#1824,.T.);
#1822=ORIENTED_EDGE('',*,*,#1825,.T.);
#1823=ORIENTED_EDGE('',*,*,#1826,.T.);
#1824=EDGE_CURVE('',#151,#155,#1827,.F.);
#1825=EDGE_CURVE('',#155,#67,#1828,.T.);
#1826=EDGE_CURVE('',#67,#151,#1829,.T.);
#1827=LINE('',#150,#1830);
#1828=LINE('',#154,#1831);
#1829=LINE('',#66,#1832);
#1830=VECTOR('',#1833,1.0);
#1831=VECTOR('',#1834,1.0);
#1832=VECTOR('',#1835,1.0);
#1833=DIRECTION('',(-1,0,0));
#1834=DIRECTION('',(0.8422713909361677,0,-0.5390537116192164));
#1835=DIRECTION('',(0,0,1));
#1836=FACE_SURFACE('',(#1841),#1837,.T.);
#1837=PLANE('',#1838);
#1838=AXIS2_PLACEMENT_3D('',#154,#1839,#1840);
#1839=DIRECTION('',(0,-1,0));
#1840=DIRECTION('',(0,0,-1));
#1841=FACE_BOUND('',#1842,.T.);
#1842=EDGE_LOOP('',(#1843,#1844,#1845));
#1843=ORIENTED_EDGE('',*,*,#1846,.T.);
#1844=ORIENTED_EDGE('',*,*,#1847,.T.);
#1845=ORIENTED_EDGE('',*,*,#1848,.T.);
#1846=EDGE_CURVE('',#155,#63,#1849,.F.);
#1847=EDGE_CURVE('',#63,#67,#1850,.T.);
#1848=EDGE_CURVE('',#67,#155,#1851,.T.);
#1849=LINE('',#154,#1852);
#1850=LINE('',#62,#1853);
#1851=LINE('',#66,#1854);
#1852=VECTOR('',#1855,1.0);
#1853=VECTOR('',#1856,1.0);
#1854=VECTOR('',#1857,1.0);
#1855=DIRECTION('',(0,0,-1));
#1856=DIRECTION('',(1,0,0));
#1857=DIRECTION('',(-0.8422713909361677,0,0.5390537116192164));
#1858=FACE_SURFACE('',(#1863),#1859,.T.);
#1859=PLANE('',#1860);
#1860=AXIS2_PLACEMENT_3D('',#154,#1861,#1862);
#1861=DIRECTION('',(-1,0,0));
#1862=DIRECTION('',(0,1,0));
#1863=FACE_BOUND('',#1864,.T.);
#1864=EDGE_LOOP('',(#1865,#1866,#1867));
#1865=ORIENTED_EDGE('',*,*,#1868,.T.);
#1866=ORIENTED_EDGE('',*,*,#1869,.T.);
#1867=ORIENTED_EDGE('',*,*,#1870,.T.);
#1868=EDGE_CURVE('',#155,#159,#1871,.F.);
#1869=EDGE_CURVE('',#159,#63,#1872,.T.);
#1870=EDGE_CURVE('',#63,#155,#1873,.T.);
#1871=LINE('',#154,#1874);
#1872=LINE('',#158,#1875);
#1873=LINE('',#62,#1876);
#1874=VECTOR('',#1877,1.0);
#1875=VECTOR('',#1878,1.0);
#1876=VECTOR('',#1879,1.0);
#1877=DIRECTION('',(0,1,0));
#1878=DIRECTION('',(0,-0.3902507420601045,-0.9207086174906466));
#1879=DIRECTION('',(0,0,1));
#1880=FACE_SURFACE('',(#1885),#1881,.T.);
#1881=PLANE('',#1882);
#1882=AXIS2_PLACEMENT_3D('',#158,#1883,#1884);
#1883=DIRECTION('',(-1,0,-0));
#1884=DIRECTION('',(0,0,-1));
#1885=FACE_BOUND('',#1886,.T.);
#1886=EDGE_LOOP('',(#1887,#1888,#1889));
#1887=ORIENTED_EDGE('',*,*,#1890,.T.);
#1888=ORIENTED_EDGE('',*,*,#1891,.T.);
#1889=ORIENTED_EDGE('',*,*,#1892,.T.);
#1890=EDGE_CURVE('',#159,#59,#1893,.F.);
#1891=EDGE_CURVE('',#59,#63,#1894,.T.);
#1892=EDGE_CURVE('',#63,#159,#1895,.T.);
#1893=LINE('',#158,#1896);
#1894=LINE('',#58,#1897);
#1895=LINE('',#62,#1898);
#1896=VECTOR('',#1899,1.0);
#1897=VECTOR('',#1900,1.0);
#1898=VECTOR('',#1901,1.0);
#1899=DIRECTION('',(0,0,-1));
#1900=DIRECTION('',(0,-1,0));
#1901=DIRECTION('',(0,0.3902507420601045,0.9207086174906466));
#1902=FACE_SURFACE('',(#1907),#1903,.T.);
#1903=PLANE('',#1904);
#1904=AXIS2_PLACEMENT_3D('',#166,#1905,#1906);
#1905=DIRECTION('',(0.034455713769355516,-0.9994062256103092,0));
#1906=DIRECTION('',(0,0,-1));
#1907=FACE_BOUND('',#1908,.T.);
#1908=EDGE_LOOP('',(#1909,#1910,#1911));
#1909=ORIENTED_EDGE('',*,*,#1912,.T.);
#1910=ORIENTED_EDGE('',*,*,#1913,.T.);
#1911=ORIENTED_EDGE('',*,*,#1914,.T.);
#1912=EDGE_CURVE('',#167,#51,#1915,.F.);
#1913=EDGE_CURVE('',#51,#163,#1916,.T.);
#1914=EDGE_CURVE('',#163,#167,#1917,.T.);
#1915=LINE('',#166,#1918);
#1916=LINE('',#50,#1919);
#1917=LINE('',#162,#1920);
#1918=VECTOR('',#1921,1.0);
#1919=VECTOR('',#1922,1.0);
#1920=VECTOR('',#1923,1.0);
#1921=DIRECTION('',(0,0,-1));
#1922=DIRECTION('',(0.792799163198789,0.027332690495379543,0.6088697815309804));
#1923=DIRECTION('',(-0.9994062256103091,-0.03445571376935551,0));
#1924=FACE_SURFACE('',(#1929),#1925,.T.);
#1925=PLANE('',#1926);
#1926=AXIS2_PLACEMENT_3D('',#50,#1927,#1928);
#1927=DIRECTION('',(0.034455713769355516,-0.9994062256103092,0));
#1928=DIRECTION('',(0.9994062256103091,0.03445571376935551,0));
#1929=FACE_BOUND('',#1930,.T.);
#1930=EDGE_LOOP('',(#1931,#1932,#1933));
#1931=ORIENTED_EDGE('',*,*,#1934,.T.);
#1932=ORIENTED_EDGE('',*,*,#1935,.T.);
#1933=ORIENTED_EDGE('',*,*,#1936,.T.);
#1934=EDGE_CURVE('',#51,#55,#1937,.F.);
#1935=EDGE_CURVE('',#55,#163,#1938,.T.);
#1936=EDGE_CURVE('',#163,#51,#1939,.T.);
#1937=LINE('',#50,#1940);
#1938=LINE('',#54,#1941);
#1939=LINE('',#162,#1942);
#1940=VECTOR('',#1943,1.0);
#1941=VECTOR('',#1944,1.0);
#1942=VECTOR('',#1945,1.0);
#1943=DIRECTION('',(0.9994062256103091,0.03445571376935551,0));
#1944=DIRECTION('',(0,0,1));
#1945=DIRECTION('',(-0.792799163198789,-0.027332690495379543,-0.6088697815309804));
#1946=FACE_SURFACE('',(#1951),#1947,.T.);
#1947=PLANE('',#1948);
#1948=AXIS2_PLACEMENT_3D('',#162,#1949,#1950);
#1949=DIRECTION('',(-0.034455713769355516,-0.9994062256103092,-0));
#1950=DIRECTION('',(0,0,-1));
#1951=FACE_BOUND('',#1952,.T.);
#1952=EDGE_LOOP('',(#1953,#1954,#1955));
#1953=ORIENTED_EDGE('',*,*,#1956,.T.);
#1954=ORIENTED_EDGE('',*,*,#1957,.T.);
#1955=ORIENTED_EDGE('',*,*,#1958,.T.);
#1956=EDGE_CURVE('',#163,#55,#1959,.F.);
#1957=EDGE_CURVE('',#55,#159,#1960,.T.);
#1958=EDGE_CURVE('',#159,#163,#1961,.T.);
#1959=LINE('',#162,#1962);
#1960=LINE('',#54,#1963);
#1961=LINE('',#158,#1964);
#1962=VECTOR('',#1965,1.0);
#1963=VECTOR('',#1966,1.0);
#1964=VECTOR('',#1967,1.0);
#1965=DIRECTION('',(0,0,-1));
#1966=DIRECTION('',(0.792799163198789,-0.027332690495379543,0.6088697815309804));
#1967=DIRECTION('',(-0.9994062256103091,0.03445571376935551,0));
#1968=FACE_SURFACE('',(#1973),#1969,.T.);
#1969=PLANE('',#1970);
#1970=AXIS2_PLACEMENT_3D('',#54,#1971,#1972);
#1971=DIRECTION('',(-0.034455713769355516,-0.9994062256103092,0));
#1972=DIRECTION('',(0.9994062256103091,-0.03445571376935551,0));
#1973=FACE_BOUND('',#1974,.T.);
#1974=EDGE_LOOP('',(#1975,#1976,#1977));
#1975=ORIENTED_EDGE('',*,*,#1978,.T.);
#1976=ORIENTED_EDGE('',*,*,#1979,.T.);
#1977=ORIENTED_EDGE('',*,*,#1980,.T.);
#1978=EDGE_CURVE('',#55,#59,#1981,.F.);
#1979=EDGE_CURVE('',#59,#159,#1982,.T.);
#1980=EDGE_CURVE('',#159,#55,#1983,.T.);
#1981=LINE('',#54,#1984);
#1982=LINE('',#58,#1985);
#1983=LINE('',#158,#1986);
#1984=VECTOR('',#1987,1.0);
#1985=VECTOR('',#1988,1.0);
#1986=VECTOR('',#1989,1.0);
#1987=DIRECTION('',(0.9994062256103091,-0.03445571376935551,0));
#1988=DIRECTION('',(0,0,1));
#1989=DIRECTION('',(-0.792799163198789,0.027332690495379543,-0.6088697815309804));
#1990=FACE_SURFACE('',(#1995),#1991,.T.);
#1991=PLANE('',#1992);
#1992=AXIS2_PLACEMENT_3D('',#166,#1993,#1994);
#1993=DIRECTION('',(1,0,0));
#1994=DIRECTION('',(0,-1,0));
#1995=FACE_BOUND('',#1996,.T.);
#1996=EDGE_LOOP('',(#1997,#1998,#1999));
#1997=ORIENTED_EDGE('',*,*,#2000,.T.);
#1998=ORIENTED_EDGE('',*,*,#2001,.T.);
#1999=ORIENTED_EDGE('',*,*,#2002,.T.);
#2000=EDGE_CURVE('',#167,#171,#2003,.F.);
#2001=EDGE_CURVE('',#171,#51,#2004,.T.);
#2002=EDGE_CURVE('',#51,#167,#2005,.T.);
#2003=LINE('',#166,#2006);
#2004=LINE('',#170,#2007);
#2005=LINE('',#50,#2008);
#2006=VECTOR('',#2009,1.0);
#2007=VECTOR('',#2010,1.0);
#2008=VECTOR('',#2011,1.0);
#2009=DIRECTION('',(0,-1,0));
#2010=DIRECTION('',(0,0.3902507420601045,-0.9207086174906466));
#2011=DIRECTION('',(0,0,1));
#2012=FACE_SURFACE('',(#2017),#2013,.T.);
#2013=PLANE('',#2014);
#2014=AXIS2_PLACEMENT_3D('',#170,#2015,#2016);
#2015=DIRECTION('',(1,0,0));
#2016=DIRECTION('',(0,0,-1));
#2017=FACE_BOUND('',#2018,.T.);
#2018=EDGE_LOOP('',(#2019,#2020,#2021));
#2019=ORIENTED_EDGE('',*,*,#2022,.T.);
#2020=ORIENTED_EDGE('',*,*,#2023,.T.);
#2021=ORIENTED_EDGE('',*,*,#2024,.T.);
#2022=EDGE_CURVE('',#171,#47,#2025,.F.);
#2023=EDGE_CURVE('',#47,#51,#2026,.T.);
#2024=EDGE_CURVE('',#51,#171,#2027,.T.);
#2025=LINE('',#170,#2028);
#2026=LINE('',#46,#2029);
#2027=LINE('',#50,#2030);
#2028=VECTOR('',#2031,1.0);
#2029=VECTOR('',#2032,1.0);
#2030=VECTOR('',#2033,1.0);
#2031=DIRECTION('',(0,0,-1));
#2032=DIRECTION('',(0,1,0));
#2033=DIRECTION('',(0,-0.3902507420601045,0.9207086174906466));
#2034=FACE_SURFACE('',(#2039),#2035,.T.);
#2035=PLANE('',#2036);
#2036=AXIS2_PLACEMENT_3D('',#170,#2037,#2038);
#2037=DIRECTION('',(-0,-1,-0));
#2038=DIRECTION('',(-1,0,0));
#2039=FACE_BOUND('',#2040,.T.);
#2040=EDGE_LOOP('',(#2041,#2042,#2043));
#2041=ORIENTED_EDGE('',*,*,#2044,.T.);
#2042=ORIENTED_EDGE('',*,*,#2045,.T.);
#2043=ORIENTED_EDGE('',*,*,#2046,.T.);
#2044=EDGE_CURVE('',#171,#175,#2047,.F.);
#2045=EDGE_CURVE('',#175,#47,#2048,.T.);
#2046=EDGE_CURVE('',#47,#171,#2049,.T.);
#2047=LINE('',#170,#2050);
#2048=LINE('',#174,#2051);
#2049=LINE('',#46,#2052);
#2050=VECTOR('',#2053,1.0);
#2051=VECTOR('',#2054,1.0);
#2052=VECTOR('',#2055,1.0);
#2053=DIRECTION('',(-1,0,0));
#2054=DIRECTION('',(0.8422713909361677,0,-0.5390537116192164));
#2055=DIRECTION('',(0,0,1));
#2056=FACE_SURFACE('',(#2061),#2057,.T.);
#2057=PLANE('',#2058);
#2058=AXIS2_PLACEMENT_3D('',#174,#2059,#2060);
#2059=DIRECTION('',(0,-1,0));
#2060=DIRECTION('',(0,0,-1));
#2061=FACE_BOUND('',#2062,.T.);
#2062=EDGE_LOOP('',(#2063,#2064,#2065));
#2063=ORIENTED_EDGE('',*,*,#2066,.T.);
#2064=ORIENTED_EDGE('',*,*,#2067,.T.);
#2065=ORIENTED_EDGE('',*,*,#2068,.T.);
#2066=EDGE_CURVE('',#175,#43,#2069,.F.);
#2067=EDGE_CURVE('',#43,#47,#2070,.T.);
#2068=EDGE_CURVE('',#47,#175,#2071,.T.);
#2069=LINE('',#174,#2072);
#2070=LINE('',#42,#2073);
#2071=LINE('',#46,#2074);
#2072=VECTOR('',#2075,1.0);
#2073=VECTOR('',#2076,1.0);
#2074=VECTOR('',#2077,1.0);
#2075=DIRECTION('',(0,0,-1));
#2076=DIRECTION('',(1,0,0));
#2077=DIRECTION('',(-0.8422713909361677,0,0.5390537116192164));
#2078=FACE_SURFACE('',(#2083),#2079,.T.);
#2079=PLANE('',#2080);
#2080=AXIS2_PLACEMENT_3D('',#174,#2081,#2082);
#2081=DIRECTION('',(-1,0,0));
#2082=DIRECTION('',(0,1,0));
#2083=FACE_BOUND('',#2084,.T.);
#2084=EDGE_LOOP('',(#2085,#2086,#2087));
#2085=ORIENTED_EDGE('',*,*,#2088,.T.);
#2086=ORIENTED_EDGE('',*,*,#2089,.T.);
#2087=ORIENTED_EDGE('',*,*,#2090,.T.);
#2088=EDGE_CURVE('',#175,#179,#2091,.F.);
#2089=EDGE_CURVE('',#179,#43,#2092,.T.);
#2090=EDGE_CURVE('',#43,#175,#2093,.T.);
#2091=LINE('',#174,#2094);
#2092=LINE('',#178,#2095);
#2093=LINE('',#42,#2096);
#2094=VECTOR('',#2097,1.0);
#2095=VECTOR('',#2098,1.0);
#2096=VECTOR('',#2099,1.0);
#2097=DIRECTION('',(0,1,0));
#2098=DIRECTION('',(0,-0.3902507420601045,-0.9207086174906466));
#2099=DIRECTION('',(0,0,1));
#2100=FACE_SURFACE('',(#2105),#2101,.T.);
#2101=PLANE('',#2102);
#2102=AXIS2_PLACEMENT_3D('',#178,#2103,#2104);
#2103=DIRECTION('',(-1,0,-0));
#2104=DIRECTION('',(0,0,-1));
#2105=FACE_BOUND('',#2106,.T.);
#2106=EDGE_LOOP('',(#2107,#2108,#2109));
#2107=ORIENTED_EDGE('',*,*,#2110,.T.);
#2108=ORIENTED_EDGE('',*,*,#2111,.T.);
#2109=ORIENTED_EDGE('',*,*,#2112,.T.);
#2110=EDGE_CURVE('',#179,#39,#2113,.F.);
#2111=EDGE_CURVE('',#39,#43,#2114,.T.);
#2112=EDGE_CURVE('',#43,#179,#2115,.T.);
#2113=LINE('',#178,#2116);
#2114=LINE('',#38,#2117);
#2115=LINE('',#42,#2118);
#2116=VECTOR('',#2119,1.0);
#2117=VECTOR('',#2120,1.0);
#2118=VECTOR('',#2121,1.0);
#2119=DIRECTION('',(0,0,-1));
#2120=DIRECTION('',(0,-1,0));
#2121=DIRECTION('',(0,0.3902507420601045,0.9207086174906466));
#2122=FACE_SURFACE('',(#2127),#2123,.T.);
#2123=PLANE('',#2124);
#2124=AXIS2_PLACEMENT_3D('',#182,#2125,#2126);
#2125=DIRECTION('',(-0.034455713769355516,-0.9994062256103092,-0));
#2126=DIRECTION('',(0,0,-1));
#2127=FACE_BOUND('',#2128,.T.);
#2128=EDGE_LOOP('',(#2129,#2130,#2131));
#2129=ORIENTED_EDGE('',*,*,#2132,.T.);
#2130=ORIENTED_EDGE('',*,*,#2133,.T.);
#2131=ORIENTED_EDGE('',*,*,#2134,.T.);
#2132=EDGE_CURVE('',#183,#35,#2135,.F.);
#2133=EDGE_CURVE('',#35,#179,#2136,.T.);
#2134=EDGE_CURVE('',#179,#183,#2137,.T.);
#2135=LINE('',#182,#2138);
#2136=LINE('',#34,#2139);
#2137=LINE('',#178,#2140);
#2138=VECTOR('',#2141,1.0);
#2139=VECTOR('',#2142,1.0);
#2140=VECTOR('',#2143,1.0);
#2141=DIRECTION('',(0,0,-1));
#2142=DIRECTION('',(0.792799163198789,-0.027332690495379543,0.6088697815309804));
#2143=DIRECTION('',(-0.9994062256103091,0.03445571376935551,0));
#2144=FACE_SURFACE('',(#2149),#2145,.T.);
#2145=PLANE('',#2146);
#2146=AXIS2_PLACEMENT_3D('',#34,#2147,#2148);
#2147=DIRECTION('',(-0.034455713769355516,-0.9994062256103092,0));
#2148=DIRECTION('',(0.9994062256103091,-0.03445571376935551,0));
#2149=FACE_BOUND('',#2150,.T.);
#2150=EDGE_LOOP('',(#2151,#2152,#2153));
#2151=ORIENTED_EDGE('',*,*,#2154,.T.);
#2152=ORIENTED_EDGE('',*,*,#2155,.T.);
#2153=ORIENTED_EDGE('',*,*,#2156,.T.);
#2154=EDGE_CURVE('',#35,#39,#2157,.F.);
#2155=EDGE_CURVE('',#39,#179,#2158,.T.);
#2156=EDGE_CURVE('',#179,#35,#2159,.T.);
#2157=LINE('',#34,#2160);
#2158=LINE('',#38,#2161);
#2159=LINE('',#178,#2162);
#2160=VECTOR('',#2163,1.0);
#2161=VECTOR('',#2164,1.0);
#2162=VECTOR('',#2165,1.0);
#2163=DIRECTION('',(0.9994062256103091,-0.03445571376935551,0));
#2164=DIRECTION('',(0,0,1));
#2165=DIRECTION('',(-0.792799163198789,0.027332690495379543,-0.6088697815309804));
#2166=FACE_SURFACE('',(#2171),#2167,.T.);
#2167=PLANE('',#2168);
#2168=AXIS2_PLACEMENT_3D('',#182,#2169,#2170);
#2169=DIRECTION('',(-1,0,0));
#2170=DIRECTION('',(0,1,0));
#2171=FACE_BOUND('',#2172,.T.);
#2172=EDGE_LOOP('',(#2173,#2174,#2175));
#2173=ORIENTED_EDGE('',*,*,#2176,.T.);
#2174=ORIENTED_EDGE('',*,*,#2177,.T.);
#2175=ORIENTED_EDGE('',*,*,#2178,.T.);
#2176=EDGE_CURVE('',#183,#185,#2179,.F.);
#2177=EDGE_CURVE('',#185,#35,#2180,.T.);
#2178=EDGE_CURVE('',#35,#183,#2181,.T.);
#2179=LINE('',#182,#2182);
#2180=LINE('',#184,#2183);
#2181=LINE('',#34,#2184);
#2182=VECTOR('',#2185,1.0);
#2183=VECTOR('',#2186,1.0);
#2184=VECTOR('',#2187,1.0);
#2185=DIRECTION('',(0,1,0));
#2186=DIRECTION('',(0,-0.10360608018671238,-0.994618409315022));
#2187=DIRECTION('',(0,0,1));
#2188=FACE_SURFACE('',(#2193),#2189,.T.);
#2189=PLANE('',#2190);
#2190=AXIS2_PLACEMENT_3D('',#184,#2191,#2192);
#2191=DIRECTION('',(-1,0,-0));
#2192=DIRECTION('',(0,0,-1));
#2193=FACE_BOUND('',#2194,.T.);
#2194=EDGE_LOOP('',(#2195,#2196,#2197));
#2195=ORIENTED_EDGE('',*,*,#2198,.T.);
#2196=ORIENTED_EDGE('',*,*,#2199,.T.);
#2197=ORIENTED_EDGE('',*,*,#2200,.T.);
#2198=EDGE_CURVE('',#185,#37,#2201,.F.);
#2199=EDGE_CURVE('',#37,#35,#2202,.T.);
#2200=EDGE_CURVE('',#35,#185,#2203,.T.);
#2201=LINE('',#184,#2204);
#2202=LINE('',#36,#2205);
#2203=LINE('',#34,#2206);
#2204=VECTOR('',#2207,1.0);
#2205=VECTOR('',#2208,1.0);
#2206=VECTOR('',#2209,1.0);
#2207=DIRECTION('',(0,0,-1));
#2208=DIRECTION('',(0,-1,0));
#2209=DIRECTION('',(0,0.10360608018671238,0.994618409315022));
#2210=FACE_SURFACE('',(#2215),#2211,.T.);
#2211=PLANE('',#2212);
#2212=AXIS2_PLACEMENT_3D('',#40,#2213,#2214);
#2213=DIRECTION('',(0.037011660509880265,0.9993148337667671,-0));
#2214=DIRECTION('',(-0.9993148337667671,0.037011660509880265,0));
#2215=FACE_BOUND('',#2216,.T.);
#2216=EDGE_LOOP('',(#2217,#2218,#2219));
#2217=ORIENTED_EDGE('',*,*,#2220,.T.);
#2218=ORIENTED_EDGE('',*,*,#2221,.T.);
#2219=ORIENTED_EDGE('',*,*,#2222,.T.);
#2220=EDGE_CURVE('',#41,#37,#2223,.F.);
#2221=EDGE_CURVE('',#37,#181,#2224,.T.);
#2222=EDGE_CURVE('',#181,#41,#2225,.T.);
#2223=LINE('',#40,#2226);
#2224=LINE('',#36,#2227);
#2225=LINE('',#180,#2228);
#2226=VECTOR('',#2229,1.0);
#2227=VECTOR('',#2230,1.0);
#2228=VECTOR('',#2231,1.0);
#2229=DIRECTION('',(-0.9993148337667671,0.037011660509880265,0));
#2230=DIRECTION('',(0.8145843364742976,-0.030169790239788802,0.5792599956216683));
#2231=DIRECTION('',(0,0,-1));
#2232=FACE_SURFACE('',(#2237),#2233,.T.);
#2233=PLANE('',#2234);
#2234=AXIS2_PLACEMENT_3D('',#36,#2235,#2236);
#2235=DIRECTION('',(0.037011660509880265,0.9993148337667671,-0));
#2236=DIRECTION('',(0,0,1));
#2237=FACE_BOUND('',#2238,.T.);
#2238=EDGE_LOOP('',(#2239,#2240,#2241));
#2239=ORIENTED_EDGE('',*,*,#2242,.T.);
#2240=ORIENTED_EDGE('',*,*,#2243,.T.);
#2241=ORIENTED_EDGE('',*,*,#2244,.T.);
#2242=EDGE_CURVE('',#37,#185,#2245,.F.);
#2243=EDGE_CURVE('',#185,#181,#2246,.T.);
#2244=EDGE_CURVE('',#181,#37,#2247,.T.);
#2245=LINE('',#36,#2248);
#2246=LINE('',#184,#2249);
#2247=LINE('',#180,#2250);
#2248=VECTOR('',#2251,1.0);
#2249=VECTOR('',#2252,1.0);
#2250=VECTOR('',#2253,1.0);
#2251=DIRECTION('',(0,0,1));
#2252=DIRECTION('',(0.9993148337667671,-0.037011660509880265,0));
#2253=DIRECTION('',(-0.8145843364742976,0.030169790239788802,-0.5792599956216683));
#2254=FACE_SURFACE('',(#2259),#2255,.T.);
#2255=PLANE('',#2256);
#2256=AXIS2_PLACEMENT_3D('',#180,#2257,#2258);
#2257=DIRECTION('',(1,0,0));
#2258=DIRECTION('',(0,-1,0));
#2259=FACE_BOUND('',#2260,.T.);
#2260=EDGE_LOOP('',(#2261,#2262,#2263));
#2261=ORIENTED_EDGE('',*,*,#2264,.T.);
#2262=ORIENTED_EDGE('',*,*,#2265,.T.);
#2263=ORIENTED_EDGE('',*,*,#2266,.T.);
#2264=EDGE_CURVE('',#181,#177,#2267,.F.);
#2265=EDGE_CURVE('',#177,#41,#2268,.T.);
#2266=EDGE_CURVE('',#41,#181,#2269,.T.);
#2267=LINE('',#180,#2270);
#2268=LINE('',#176,#2271);
#2269=LINE('',#40,#2272);
#2270=VECTOR('',#2273,1.0);
#2271=VECTOR('',#2274,1.0);
#2272=VECTOR('',#2275,1.0);
#2273=DIRECTION('',(0,-1,0));
#2274=DIRECTION('',(0,0.38461537159297743,-0.923076928502926));
#2275=DIRECTION('',(0,0,1));
#2276=FACE_SURFACE('',(#2281),#2277,.T.);
#2277=PLANE('',#2278);
#2278=AXIS2_PLACEMENT_3D('',#176,#2279,#2280);
#2279=DIRECTION('',(1,0,0));
#2280=DIRECTION('',(0,0,-1));
#2281=FACE_BOUND('',#2282,.T.);
#2282=EDGE_LOOP('',(#2283,#2284,#2285));
#2283=ORIENTED_EDGE('',*,*,#2286,.T.);
#2284=ORIENTED_EDGE('',*,*,#2287,.T.);
#2285=ORIENTED_EDGE('',*,*,#2288,.T.);
#2286=EDGE_CURVE('',#177,#45,#2289,.F.);
#2287=EDGE_CURVE('',#45,#41,#2290,.T.);
#2288=EDGE_CURVE('',#41,#177,#2291,.T.);
#2289=LINE('',#176,#2292);
#2290=LINE('',#44,#2293);
#2291=LINE('',#40,#2294);
#2292=VECTOR('',#2295,1.0);
#2293=VECTOR('',#2296,1.0);
#2294=VECTOR('',#2297,1.0);
#2295=DIRECTION('',(0,0,-1));
#2296=DIRECTION('',(0,1,0));
#2297=DIRECTION('',(0,-0.38461537159297743,0.923076928502926));
#2298=FACE_SURFACE('',(#2303),#2299,.T.);
#2299=PLANE('',#2300);
#2300=AXIS2_PLACEMENT_3D('',#176,#2301,#2302);
#2301=DIRECTION('',(-0,1,0));
#2302=DIRECTION('',(1,0,0));
#2303=FACE_BOUND('',#2304,.T.);
#2304=EDGE_LOOP('',(#2305,#2306,#2307));
#2305=ORIENTED_EDGE('',*,*,#2308,.T.);
#2306=ORIENTED_EDGE('',*,*,#2309,.T.);
#2307=ORIENTED_EDGE('',*,*,#2310,.T.);
#2308=EDGE_CURVE('',#177,#173,#2311,.F.);
#2309=EDGE_CURVE('',#173,#45,#2312,.T.);
#2310=EDGE_CURVE('',#45,#177,#2313,.T.);
#2311=LINE('',#176,#2314);
#2312=LINE('',#172,#2315);
#2313=LINE('',#44,#2316);
#2314=VECTOR('',#2317,1.0);
#2315=VECTOR('',#2318,1.0);
#2316=VECTOR('',#2319,1.0);
#2317=DIRECTION('',(1,0,0));
#2318=DIRECTION('',(-0.8044332556802011,0,-0.5940430431843742));
#2319=DIRECTION('',(0,0,1));
#2320=FACE_SURFACE('',(#2325),#2321,.T.);
#2321=PLANE('',#2322);
#2322=AXIS2_PLACEMENT_3D('',#172,#2323,#2324);
#2323=DIRECTION('',(0,1,0));
#2324=DIRECTION('',(0,0,-1));
#2325=FACE_BOUND('',#2326,.T.);
#2326=EDGE_LOOP('',(#2327,#2328,#2329));
#2327=ORIENTED_EDGE('',*,*,#2330,.T.);
#2328=ORIENTED_EDGE('',*,*,#2331,.T.);
#2329=ORIENTED_EDGE('',*,*,#2332,.T.);
#2330=EDGE_CURVE('',#173,#49,#2333,.F.);
#2331=EDGE_CURVE('',#49,#45,#2334,.T.);
#2332=EDGE_CURVE('',#45,#173,#2335,.T.);
#2333=LINE('',#172,#2336);
#2334=LINE('',#48,#2337);
#2335=LINE('',#44,#2338);
#2336=VECTOR('',#2339,1.0);
#2337=VECTOR('',#2340,1.0);
#2338=VECTOR('',#2341,1.0);
#2339=DIRECTION('',(0,0,-1));
#2340=DIRECTION('',(-1,0,0));
#2341=DIRECTION('',(0.8044332556802011,0,0.5940430431843742));
#2342=FACE_SURFACE('',(#2347),#2343,.T.);
#2343=PLANE('',#2344);
#2344=AXIS2_PLACEMENT_3D('',#172,#2345,#2346);
#2345=DIRECTION('',(-1,0,0));
#2346=DIRECTION('',(0,1,0));
#2347=FACE_BOUND('',#2348,.T.);
#2348=EDGE_LOOP('',(#2349,#2350,#2351));
#2349=ORIENTED_EDGE('',*,*,#2352,.T.);
#2350=ORIENTED_EDGE('',*,*,#2353,.T.);
#2351=ORIENTED_EDGE('',*,*,#2354,.T.);
#2352=EDGE_CURVE('',#173,#169,#2355,.F.);
#2353=EDGE_CURVE('',#169,#49,#2356,.T.);
#2354=EDGE_CURVE('',#49,#173,#2357,.T.);
#2355=LINE('',#172,#2358);
#2356=LINE('',#168,#2359);
#2357=LINE('',#48,#2360);
#2358=VECTOR('',#2361,1.0);
#2359=VECTOR('',#2362,1.0);
#2360=VECTOR('',#2363,1.0);
#2361=DIRECTION('',(0,1,0));
#2362=DIRECTION('',(0,-0.38461537159297743,-0.923076928502926));
#2363=DIRECTION('',(0,0,1));
#2364=FACE_SURFACE('',(#2369),#2365,.T.);
#2365=PLANE('',#2366);
#2366=AXIS2_PLACEMENT_3D('',#168,#2367,#2368);
#2367=DIRECTION('',(-1,0,-0));
#2368=DIRECTION('',(0,0,-1));
#2369=FACE_BOUND('',#2370,.T.);
#2370=EDGE_LOOP('',(#2371,#2372,#2373));
#2371=ORIENTED_EDGE('',*,*,#2374,.T.);
#2372=ORIENTED_EDGE('',*,*,#2375,.T.);
#2373=ORIENTED_EDGE('',*,*,#2376,.T.);
#2374=EDGE_CURVE('',#169,#53,#2377,.F.);
#2375=EDGE_CURVE('',#53,#49,#2378,.T.);
#2376=EDGE_CURVE('',#49,#169,#2379,.T.);
#2377=LINE('',#168,#2380);
#2378=LINE('',#52,#2381);
#2379=LINE('',#48,#2382);
#2380=VECTOR('',#2383,1.0);
#2381=VECTOR('',#2384,1.0);
#2382=VECTOR('',#2385,1.0);
#2383=DIRECTION('',(0,0,-1));
#2384=DIRECTION('',(0,-1,0));
#2385=DIRECTION('',(0,0.38461537159297743,0.923076928502926));
#2386=FACE_SURFACE('',(#2391),#2387,.T.);
#2387=PLANE('',#2388);
#2388=AXIS2_PLACEMENT_3D('',#160,#2389,#2390);
#2389=DIRECTION('',(0.037011660509880265,0.9993148337667671,0));
#2390=DIRECTION('',(0,0,-1));
#2391=FACE_BOUND('',#2392,.T.);
#2392=EDGE_LOOP('',(#2393,#2394,#2395));
#2393=ORIENTED_EDGE('',*,*,#2396,.T.);
#2394=ORIENTED_EDGE('',*,*,#2397,.T.);
#2395=ORIENTED_EDGE('',*,*,#2398,.T.);
#2396=EDGE_CURVE('',#161,#61,#2399,.F.);
#2397=EDGE_CURVE('',#61,#57,#2400,.T.);
#2398=EDGE_CURVE('',#57,#161,#2401,.T.);
#2399=LINE('',#160,#2402);
#2400=LINE('',#60,#2403);
#2401=LINE('',#56,#2404);
#2402=VECTOR('',#2405,1.0);
#2403=VECTOR('',#2406,1.0);
#2404=VECTOR('',#2407,1.0);
#2405=DIRECTION('',(0,0,-1));
#2406=DIRECTION('',(-0.9993148337667671,0.037011660509880265,0));
#2407=DIRECTION('',(0.8145843364742976,-0.030169790239788802,0.5792599956216683));
#2408=FACE_SURFACE('',(#2413),#2409,.T.);
#2409=PLANE('',#2410);
#2410=AXIS2_PLACEMENT_3D('',#160,#2411,#2412);
#2411=DIRECTION('',(0.037011660509880265,0.9993148337667671,0));
#2412=DIRECTION('',(-0.8145843364742976,0.030169790239788802,-0.5792599956216683));
#2413=FACE_BOUND('',#2414,.T.);
#2414=EDGE_LOOP('',(#2415,#2416,#2417));
#2415=ORIENTED_EDGE('',*,*,#2418,.T.);
#2416=ORIENTED_EDGE('',*,*,#2419,.T.);
#2417=ORIENTED_EDGE('',*,*,#2420,.T.);
#2418=EDGE_CURVE('',#161,#57,#2421,.F.);
#2419=EDGE_CURVE('',#57,#165,#2422,.T.);
#2420=EDGE_CURVE('',#165,#161,#2423,.T.);
#2421=LINE('',#160,#2424);
#2422=LINE('',#56,#2425);
#2423=LINE('',#164,#2426);
#2424=VECTOR('',#2427,1.0);
#2425=VECTOR('',#2428,1.0);
#2426=VECTOR('',#2429,1.0);
#2427=DIRECTION('',(-0.8145843364742976,0.030169790239788802,-0.5792599956216683));
#2428=DIRECTION('',(0,0,1));
#2429=DIRECTION('',(0.9993148337667671,-0.037011660509880265,0));
#2430=FACE_SURFACE('',(#2435),#2431,.T.);
#2431=PLANE('',#2432);
#2432=AXIS2_PLACEMENT_3D('',#56,#2433,#2434);
#2433=DIRECTION('',(-0.037011660509880265,0.9993148337667671,0));
#2434=DIRECTION('',(-0.9993148337667671,-0.037011660509880265,0));
#2435=FACE_BOUND('',#2436,.T.);
#2436=EDGE_LOOP('',(#2437,#2438,#2439));
#2437=ORIENTED_EDGE('',*,*,#2440,.T.);
#2438=ORIENTED_EDGE('',*,*,#2441,.T.);
#2439=ORIENTED_EDGE('',*,*,#2442,.T.);
#2440=EDGE_CURVE('',#57,#53,#2443,.F.);
#2441=EDGE_CURVE('',#53,#165,#2444,.T.);
#2442=EDGE_CURVE('',#165,#57,#2445,.T.);
#2443=LINE('',#56,#2446);
#2444=LINE('',#52,#2447);
#2445=LINE('',#164,#2448);
#2446=VECTOR('',#2449,1.0);
#2447=VECTOR('',#2450,1.0);
#2448=VECTOR('',#2451,1.0);
#2449=DIRECTION('',(-0.9993148337667671,-0.037011660509880265,0));
#2450=DIRECTION('',(0.8145843364742976,0.030169790239788802,0.5792599956216683));
#2451=DIRECTION('',(0,0,-1));
#2452=FACE_SURFACE('',(#2457),#2453,.T.);
#2453=PLANE('',#2454);
#2454=AXIS2_PLACEMENT_3D('',#164,#2455,#2456);
#2455=DIRECTION('',(-0.037011660509880265,0.9993148337667671,0));
#2456=DIRECTION('',(-0.8145843364742976,-0.030169790239788802,-0.5792599956216683));
#2457=FACE_BOUND('',#2458,.T.);
#2458=EDGE_LOOP('',(#2459,#2460,#2461));
#2459=ORIENTED_EDGE('',*,*,#2462,.T.);
#2460=ORIENTED_EDGE('',*,*,#2463,.T.);
#2461=ORIENTED_EDGE('',*,*,#2464,.T.);
#2462=EDGE_CURVE('',#165,#53,#2465,.F.);
#2463=EDGE_CURVE('',#53,#169,#2466,.T.);
#2464=EDGE_CURVE('',#169,#165,#2467,.T.);
#2465=LINE('',#164,#2468);
#2466=LINE('',#52,#2469);
#2467=LINE('',#168,#2470);
#2468=VECTOR('',#2471,1.0);
#2469=VECTOR('',#2472,1.0);
#2470=VECTOR('',#2473,1.0);
#2471=DIRECTION('',(-0.8145843364742976,-0.030169790239788802,-0.5792599956216683));
#2472=DIRECTION('',(0,0,1));
#2473=DIRECTION('',(0.9993148337667671,0.037011660509880265,0));
#2474=FACE_SURFACE('',(#2479),#2475,.T.);
#2475=PLANE('',#2476);
#2476=AXIS2_PLACEMENT_3D('',#160,#2477,#2478);
#2477=DIRECTION('',(1,0,0));
#2478=DIRECTION('',(0,-1,0));
#2479=FACE_BOUND('',#2480,.T.);
#2480=EDGE_LOOP('',(#2481,#2482,#2483));
#2481=ORIENTED_EDGE('',*,*,#2484,.T.);
#2482=ORIENTED_EDGE('',*,*,#2485,.T.);
#2483=ORIENTED_EDGE('',*,*,#2486,.T.);
#2484=EDGE_CURVE('',#161,#157,#2487,.F.);
#2485=EDGE_CURVE('',#157,#61,#2488,.T.);
#2486=EDGE_CURVE('',#61,#161,#2489,.T.);
#2487=LINE('',#160,#2490);
#2488=LINE('',#156,#2491);
#2489=LINE('',#60,#2492);
#2490=VECTOR('',#2493,1.0);
#2491=VECTOR('',#2494,1.0);
#2492=VECTOR('',#2495,1.0);
#2493=DIRECTION('',(0,-1,0));
#2494=DIRECTION('',(0,0.38461537159297743,-0.923076928502926));
#2495=DIRECTION('',(0,0,1));
#2496=FACE_SURFACE('',(#2501),#2497,.T.);
#2497=PLANE('',#2498);
#2498=AXIS2_PLACEMENT_3D('',#156,#2499,#2500);
#2499=DIRECTION('',(1,0,0));
#2500=DIRECTION('',(0,0,-1));
#2501=FACE_BOUND('',#2502,.T.);
#2502=EDGE_LOOP('',(#2503,#2504,#2505));
#2503=ORIENTED_EDGE('',*,*,#2506,.T.);
#2504=ORIENTED_EDGE('',*,*,#2507,.T.);
#2505=ORIENTED_EDGE('',*,*,#2508,.T.);
#2506=EDGE_CURVE('',#157,#65,#2509,.F.);
#2507=EDGE_CURVE('',#65,#61,#2510,.T.);
#2508=EDGE_CURVE('',#61,#157,#2511,.T.);
#2509=LINE('',#156,#2512);
#2510=LINE('',#64,#2513);
#2511=LINE('',#60,#2514);
#2512=VECTOR('',#2515,1.0);
#2513=VECTOR('',#2516,1.0);
#2514=VECTOR('',#2517,1.0);
#2515=DIRECTION('',(0,0,-1));
#2516=DIRECTION('',(0,1,0));
#2517=DIRECTION('',(0,-0.38461537159297743,0.923076928502926));
#2518=FACE_SURFACE('',(#2523),#2519,.T.);
#2519=PLANE('',#2520);
#2520=AXIS2_PLACEMENT_3D('',#156,#2521,#2522);
#2521=DIRECTION('',(3.336006684570783E-17,1,0));
#2522=DIRECTION('',(1,-3.336006684570783E-17,0));
#2523=FACE_BOUND('',#2524,.T.);
#2524=EDGE_LOOP('',(#2525,#2526,#2527));
#2525=ORIENTED_EDGE('',*,*,#2528,.T.);
#2526=ORIENTED_EDGE('',*,*,#2529,.T.);
#2527=ORIENTED_EDGE('',*,*,#2530,.T.);
#2528=EDGE_CURVE('',#157,#153,#2531,.F.);
#2529=EDGE_CURVE('',#153,#65,#2532,.T.);
#2530=EDGE_CURVE('',#65,#157,#2533,.T.);
#2531=LINE('',#156,#2534);
#2532=LINE('',#152,#2535);
#2533=LINE('',#64,#2536);
#2534=VECTOR('',#2537,1.0);
#2535=VECTOR('',#2538,1.0);
#2536=VECTOR('',#2539,1.0);
#2537=DIRECTION('',(1,-3.336006684570783E-17,0));
#2538=DIRECTION('',(-0.8044332556802011,2.6835947182401886E-17,-0.5940430431843742));
#2539=DIRECTION('',(0,0,1));
#2540=FACE_SURFACE('',(#2545),#2541,.T.);
#2541=PLANE('',#2542);
#2542=AXIS2_PLACEMENT_3D('',#152,#2543,#2544);
#2543=DIRECTION('',(3.336006684570783E-17,1,0));
#2544=DIRECTION('',(0,0,-1));
#2545=FACE_BOUND('',#2546,.T.);
#2546=EDGE_LOOP('',(#2547,#2548,#2549));
#2547=ORIENTED_EDGE('',*,*,#2550,.T.);
#2548=ORIENTED_EDGE('',*,*,#2551,.T.);
#2549=ORIENTED_EDGE('',*,*,#2552,.T.);
#2550=EDGE_CURVE('',#153,#69,#2553,.F.);
#2551=EDGE_CURVE('',#69,#65,#2554,.T.);
#2552=EDGE_CURVE('',#65,#153,#2555,.T.);
#2553=LINE('',#152,#2556);
#2554=LINE('',#68,#2557);
#2555=LINE('',#64,#2558);
#2556=VECTOR('',#2559,1.0);
#2557=VECTOR('',#2560,1.0);
#2558=VECTOR('',#2561,1.0);
#2559=DIRECTION('',(0,0,-1));
#2560=DIRECTION('',(-1,3.336006684570783E-17,0));
#2561=DIRECTION('',(0.8044332556802011,-2.6835947182401886E-17,0.5940430431843742));
#2562=FACE_SURFACE('',(#2567),#2563,.T.);
#2563=PLANE('',#2564);
#2564=AXIS2_PLACEMENT_3D('',#152,#2565,#2566);
#2565=DIRECTION('',(-1,0,0));
#2566=DIRECTION('',(0,1,0));
#2567=FACE_BOUND('',#2568,.T.);
#2568=EDGE_LOOP('',(#2569,#2570,#2571));
#2569=ORIENTED_EDGE('',*,*,#2572,.T.);
#2570=ORIENTED_EDGE('',*,*,#2573,.T.);
#2571=ORIENTED_EDGE('',*,*,#2574,.T.);
#2572=EDGE_CURVE('',#153,#149,#2575,.F.);
#2573=EDGE_CURVE('',#149,#69,#2576,.T.);
#2574=EDGE_CURVE('',#69,#153,#2577,.T.);
#2575=LINE('',#152,#2578);
#2576=LINE('',#148,#2579);
#2577=LINE('',#68,#2580);
#2578=VECTOR('',#2581,1.0);
#2579=VECTOR('',#2582,1.0);
#2580=VECTOR('',#2583,1.0);
#2581=DIRECTION('',(0,1,0));
#2582=DIRECTION('',(0,-0.38461537159297743,-0.923076928502926));
#2583=DIRECTION('',(0,0,1));
#2584=FACE_SURFACE('',(#2589),#2585,.T.);
#2585=PLANE('',#2586);
#2586=AXIS2_PLACEMENT_3D('',#148,#2587,#2588);
#2587=DIRECTION('',(-1,0,-0));
#2588=DIRECTION('',(0,0,-1));
#2589=FACE_BOUND('',#2590,.T.);
#2590=EDGE_LOOP('',(#2591,#2592,#2593));
#2591=ORIENTED_EDGE('',*,*,#2594,.T.);
#2592=ORIENTED_EDGE('',*,*,#2595,.T.);
#2593=ORIENTED_EDGE('',*,*,#2596,.T.);
#2594=EDGE_CURVE('',#149,#73,#2597,.F.);
#2595=EDGE_CURVE('',#73,#69,#2598,.T.);
#2596=EDGE_CURVE('',#69,#149,#2599,.T.);
#2597=LINE('',#148,#2600);
#2598=LINE('',#72,#2601);
#2599=LINE('',#68,#2602);
#2600=VECTOR('',#2603,1.0);
#2601=VECTOR('',#2604,1.0);
#2602=VECTOR('',#2605,1.0);
#2603=DIRECTION('',(0,0,-1));
#2604=DIRECTION('',(0,-1,0));
#2605=DIRECTION('',(0,0.38461537159297743,0.923076928502926));
#2606=FACE_SURFACE('',(#2611),#2607,.T.);
#2607=PLANE('',#2608);
#2608=AXIS2_PLACEMENT_3D('',#140,#2609,#2610);
#2609=DIRECTION('',(0.037011660509880265,0.9993148337667671,0));
#2610=DIRECTION('',(0,0,-1));
#2611=FACE_BOUND('',#2612,.T.);
#2612=EDGE_LOOP('',(#2613,#2614,#2615));
#2613=ORIENTED_EDGE('',*,*,#2616,.T.);
#2614=ORIENTED_EDGE('',*,*,#2617,.T.);
#2615=ORIENTED_EDGE('',*,*,#2618,.T.);
#2616=EDGE_CURVE('',#141,#81,#2619,.F.);
#2617=EDGE_CURVE('',#81,#77,#2620,.T.);
#2618=EDGE_CURVE('',#77,#141,#2621,.T.);
#2619=LINE('',#140,#2622);
#2620=LINE('',#80,#2623);
#2621=LINE('',#76,#2624);
#2622=VECTOR('',#2625,1.0);
#2623=VECTOR('',#2626,1.0);
#2624=VECTOR('',#2627,1.0);
#2625=DIRECTION('',(0,0,-1));
#2626=DIRECTION('',(-0.9993148337667671,0.037011660509880265,0));
#2627=DIRECTION('',(0.8145843364742976,-0.030169790239788802,0.5792599956216683));
#2628=FACE_SURFACE('',(#2633),#2629,.T.);
#2629=PLANE('',#2630);
#2630=AXIS2_PLACEMENT_3D('',#140,#2631,#2632);
#2631=DIRECTION('',(0.037011660509880265,0.9993148337667671,0));
#2632=DIRECTION('',(-0.8145843364742976,0.030169790239788802,-0.5792599956216683));
#2633=FACE_BOUND('',#2634,.T.);
#2634=EDGE_LOOP('',(#2635,#2636,#2637));
#2635=ORIENTED_EDGE('',*,*,#2638,.T.);
#2636=ORIENTED_EDGE('',*,*,#2639,.T.);
#2637=ORIENTED_EDGE('',*,*,#2640,.T.);
#2638=EDGE_CURVE('',#141,#77,#2641,.F.);
#2639=EDGE_CURVE('',#77,#145,#2642,.T.);
#2640=EDGE_CURVE('',#145,#141,#2643,.T.);
#2641=LINE('',#140,#2644);
#2642=LINE('',#76,#2645);
#2643=LINE('',#144,#2646);
#2644=VECTOR('',#2647,1.0);
#2645=VECTOR('',#2648,1.0);
#2646=VECTOR('',#2649,1.0);
#2647=DIRECTION('',(-0.8145843364742976,0.030169790239788802,-0.5792599956216683));
#2648=DIRECTION('',(0,0,1));
#2649=DIRECTION('',(0.9993148337667671,-0.037011660509880265,0));
#2650=FACE_SURFACE('',(#2655),#2651,.T.);
#2651=PLANE('',#2652);
#2652=AXIS2_PLACEMENT_3D('',#76,#2653,#2654);
#2653=DIRECTION('',(-0.037011660509880265,0.9993148337667671,0));
#2654=DIRECTION('',(-0.9993148337667671,-0.037011660509880265,0));
#2655=FACE_BOUND('',#2656,.T.);
#2656=EDGE_LOOP('',(#2657,#2658,#2659));
#2657=ORIENTED_EDGE('',*,*,#2660,.T.);
#2658=ORIENTED_EDGE('',*,*,#2661,.T.);
#2659=ORIENTED_EDGE('',*,*,#2662,.T.);
#2660=EDGE_CURVE('',#77,#73,#2663,.F.);
#2661=EDGE_CURVE('',#73,#145,#2664,.T.);
#2662=EDGE_CURVE('',#145,#77,#2665,.T.);
#2663=LINE('',#76,#2666);
#2664=LINE('',#72,#2667);
#2665=LINE('',#144,#2668);
#2666=VECTOR('',#2669,1.0);
#2667=VECTOR('',#2670,1.0);
#2668=VECTOR('',#2671,1.0);
#2669=DIRECTION('',(-0.9993148337667671,-0.037011660509880265,0));
#2670=DIRECTION('',(0.8145843364742976,0.030169790239788802,0.5792599956216683));
#2671=DIRECTION('',(0,0,-1));
#2672=FACE_SURFACE('',(#2677),#2673,.T.);
#2673=PLANE('',#2674);
#2674=AXIS2_PLACEMENT_3D('',#144,#2675,#2676);
#2675=DIRECTION('',(-0.037011660509880265,0.9993148337667671,0));
#2676=DIRECTION('',(-0.8145843364742976,-0.030169790239788802,-0.5792599956216683));
#2677=FACE_BOUND('',#2678,.T.);
#2678=EDGE_LOOP('',(#2679,#2680,#2681));
#2679=ORIENTED_EDGE('',*,*,#2682,.T.);
#2680=ORIENTED_EDGE('',*,*,#2683,.T.);
#2681=ORIENTED_EDGE('',*,*,#2684,.T.);
#2682=EDGE_CURVE('',#145,#73,#2685,.F.);
#2683=EDGE_CURVE('',#73,#149,#2686,.T.);
#2684=EDGE_CURVE('',#149,#145,#2687,.T.);
#2685=LINE('',#144,#2688);
#2686=LINE('',#72,#2689);
#2687=LINE('',#148,#2690);
#2688=VECTOR('',#2691,1.0);
#2689=VECTOR('',#2692,1.0);
#2690=VECTOR('',#2693,1.0);
#2691=DIRECTION('',(-0.8145843364742976,-0.030169790239788802,-0.5792599956216683));
#2692=DIRECTION('',(0,0,1));
#2693=DIRECTION('',(0.9993148337667671,0.037011660509880265,0));
#2694=FACE_SURFACE('',(#2699),#2695,.T.);
#2695=PLANE('',#2696);
#2696=AXIS2_PLACEMENT_3D('',#118,#2697,#2698);
#2697=DIRECTION('',(-1,0,0));
#2698=DIRECTION('',(0,1,0));
#2699=FACE_BOUND('',#2700,.T.);
#2700=EDGE_LOOP('',(#2701,#2702,#2703));
#2701=ORIENTED_EDGE('',*,*,#2704,.T.);
#2702=ORIENTED_EDGE('',*,*,#2705,.T.);
#2703=ORIENTED_EDGE('',*,*,#2706,.T.);
#2704=EDGE_CURVE('',#119,#123,#2707,.F.);
#2705=EDGE_CURVE('',#123,#99,#2708,.T.);
#2706=EDGE_CURVE('',#99,#119,#2709,.T.);
#2707=LINE('',#118,#2710);
#2708=LINE('',#122,#2711);
#2709=LINE('',#98,#2712);
#2710=VECTOR('',#2713,1.0);
#2711=VECTOR('',#2714,1.0);
#2712=VECTOR('',#2715,1.0);
#2713=DIRECTION('',(0,1,0));
#2714=DIRECTION('',(0,-0.42422081348891816,-0.9055587785465947));
#2715=DIRECTION('',(0,0,1));
#2716=FACE_SURFACE('',(#2721),#2717,.T.);
#2717=PLANE('',#2718);
#2718=AXIS2_PLACEMENT_3D('',#122,#2719,#2720);
#2719=DIRECTION('',(-1,0,-0));
#2720=DIRECTION('',(0,0,-1));
#2721=FACE_BOUND('',#2722,.T.);
#2722=EDGE_LOOP('',(#2723,#2724,#2725));
#2723=ORIENTED_EDGE('',*,*,#2726,.T.);
#2724=ORIENTED_EDGE('',*,*,#2727,.T.);
#2725=ORIENTED_EDGE('',*,*,#2728,.T.);
#2726=EDGE_CURVE('',#123,#95,#2729,.F.);
#2727=EDGE_CURVE('',#95,#99,#2730,.T.);
#2728=EDGE_CURVE('',#99,#123,#2731,.T.);
#2729=LINE('',#122,#2732);
#2730=LINE('',#94,#2733);
#2731=LINE('',#98,#2734);
#2732=VECTOR('',#2735,1.0);
#2733=VECTOR('',#2736,1.0);
#2734=VECTOR('',#2737,1.0);
#2735=DIRECTION('',(0,0,-1));
#2736=DIRECTION('',(0,-1,0));
#2737=DIRECTION('',(0,0.42422081348891816,0.9055587785465947));
#2738=FACE_SURFACE('',(#2743),#2739,.T.);
#2739=PLANE('',#2740);
#2740=AXIS2_PLACEMENT_3D('',#126,#2741,#2742);
#2741=DIRECTION('',(0.03720879139804775,-0.9993075131523312,0));
#2742=DIRECTION('',(0,0,-1));
#2743=FACE_BOUND('',#2744,.T.);
#2744=EDGE_LOOP('',(#2745,#2746,#2747));
#2745=ORIENTED_EDGE('',*,*,#2748,.T.);
#2746=ORIENTED_EDGE('',*,*,#2749,.T.);
#2747=ORIENTED_EDGE('',*,*,#2750,.T.);
#2748=EDGE_CURVE('',#127,#91,#2751,.F.);
#2749=EDGE_CURVE('',#91,#123,#2752,.T.);
#2750=EDGE_CURVE('',#123,#127,#2753,.T.);
#2751=LINE('',#126,#2754);
#2752=LINE('',#90,#2755);
#2753=LINE('',#122,#2756);
#2754=VECTOR('',#2757,1.0);
#2755=VECTOR('',#2758,1.0);
#2756=VECTOR('',#2759,1.0);
#2757=DIRECTION('',(0,0,-1));
#2758=DIRECTION('',(0.7673604003146139,0.028572339031415272,0.6405791422387005));
#2759=DIRECTION('',(-0.9993075131523311,-0.037208791398047746,0));
#2760=FACE_SURFACE('',(#2765),#2761,.T.);
#2761=PLANE('',#2762);
#2762=AXIS2_PLACEMENT_3D('',#90,#2763,#2764);
#2763=DIRECTION('',(0.03720879139804775,-0.9993075131523312,0));
#2764=DIRECTION('',(0.9993075131523311,0.037208791398047746,0));
#2765=FACE_BOUND('',#2766,.T.);
#2766=EDGE_LOOP('',(#2767,#2768,#2769));
#2767=ORIENTED_EDGE('',*,*,#2770,.T.);
#2768=ORIENTED_EDGE('',*,*,#2771,.T.);
#2769=ORIENTED_EDGE('',*,*,#2772,.T.);
#2770=EDGE_CURVE('',#91,#95,#2773,.F.);
#2771=EDGE_CURVE('',#95,#123,#2774,.T.);
#2772=EDGE_CURVE('',#123,#91,#2775,.T.);
#2773=LINE('',#90,#2776);
#2774=LINE('',#94,#2777);
#2775=LINE('',#122,#2778);
#2776=VECTOR('',#2779,1.0);
#2777=VECTOR('',#2780,1.0);
#2778=VECTOR('',#2781,1.0);
#2779=DIRECTION('',(0.9993075131523311,0.037208791398047746,0));
#2780=DIRECTION('',(0,0,1));
#2781=DIRECTION('',(-0.7673604003146139,-0.028572339031415272,-0.6405791422387005));
#2782=FACE_SURFACE('',(#2787),#2783,.T.);
#2783=PLANE('',#2784);
#2784=AXIS2_PLACEMENT_3D('',#126,#2785,#2786);
#2785=DIRECTION('',(1,0,0));
#2786=DIRECTION('',(0,-1,0));
#2787=FACE_BOUND('',#2788,.T.);
#2788=EDGE_LOOP('',(#2789,#2790,#2791));
#2789=ORIENTED_EDGE('',*,*,#2792,.T.);
#2790=ORIENTED_EDGE('',*,*,#2793,.T.);
#2791=ORIENTED_EDGE('',*,*,#2794,.T.);
#2792=EDGE_CURVE('',#127,#131,#2795,.F.);
#2793=EDGE_CURVE('',#131,#91,#2796,.T.);
#2794=EDGE_CURVE('',#91,#127,#2797,.T.);
#2795=LINE('',#126,#2798);
#2796=LINE('',#130,#2799);
#2797=LINE('',#90,#2800);
#2798=VECTOR('',#2801,1.0);
#2799=VECTOR('',#2802,1.0);
#2800=VECTOR('',#2803,1.0);
#2801=DIRECTION('',(0,-1,0));
#2802=DIRECTION('',(0,0.3902507420601045,-0.9207086174906466));
#2803=DIRECTION('',(0,0,1));
#2804=FACE_SURFACE('',(#2809),#2805,.T.);
#2805=PLANE('',#2806);
#2806=AXIS2_PLACEMENT_3D('',#130,#2807,#2808);
#2807=DIRECTION('',(1,0,0));
#2808=DIRECTION('',(0,0,-1));
#2809=FACE_BOUND('',#2810,.T.);
#2810=EDGE_LOOP('',(#2811,#2812,#2813));
#2811=ORIENTED_EDGE('',*,*,#2814,.T.);
#2812=ORIENTED_EDGE('',*,*,#2815,.T.);
#2813=ORIENTED_EDGE('',*,*,#2816,.T.);
#2814=EDGE_CURVE('',#131,#87,#2817,.F.);
#2815=EDGE_CURVE('',#87,#91,#2818,.T.);
#2816=EDGE_CURVE('',#91,#131,#2819,.T.);
#2817=LINE('',#130,#2820);
#2818=LINE('',#86,#2821);
#2819=LINE('',#90,#2822);
#2820=VECTOR('',#2823,1.0);
#2821=VECTOR('',#2824,1.0);
#2822=VECTOR('',#2825,1.0);
#2823=DIRECTION('',(0,0,-1));
#2824=DIRECTION('',(0,1,0));
#2825=DIRECTION('',(0,-0.3902507420601045,0.9207086174906466));
#2826=FACE_SURFACE('',(#2831),#2827,.T.);
#2827=PLANE('',#2828);
#2828=AXIS2_PLACEMENT_3D('',#130,#2829,#2830);
#2829=DIRECTION('',(-0,-1,-0));
#2830=DIRECTION('',(-1,0,0));
#2831=FACE_BOUND('',#2832,.T.);
#2832=EDGE_LOOP('',(#2833,#2834,#2835));
#2833=ORIENTED_EDGE('',*,*,#2836,.T.);
#2834=ORIENTED_EDGE('',*,*,#2837,.T.);
#2835=ORIENTED_EDGE('',*,*,#2838,.T.);
#2836=EDGE_CURVE('',#131,#135,#2839,.F.);
#2837=EDGE_CURVE('',#135,#87,#2840,.T.);
#2838=EDGE_CURVE('',#87,#131,#2841,.T.);
#2839=LINE('',#130,#2842);
#2840=LINE('',#134,#2843);
#2841=LINE('',#86,#2844);
#2842=VECTOR('',#2845,1.0);
#2843=VECTOR('',#2846,1.0);
#2844=VECTOR('',#2847,1.0);
#2845=DIRECTION('',(-1,0,0));
#2846=DIRECTION('',(0.8422713909361677,0,-0.5390537116192164));
#2847=DIRECTION('',(0,0,1));
#2848=FACE_SURFACE('',(#2853),#2849,.T.);
#2849=PLANE('',#2850);
#2850=AXIS2_PLACEMENT_3D('',#134,#2851,#2852);
#2851=DIRECTION('',(0,-1,0));
#2852=DIRECTION('',(0,0,-1));
#2853=FACE_BOUND('',#2854,.T.);
#2854=EDGE_LOOP('',(#2855,#2856,#2857));
#2855=ORIENTED_EDGE('',*,*,#2858,.T.);
#2856=ORIENTED_EDGE('',*,*,#2859,.T.);
#2857=ORIENTED_EDGE('',*,*,#2860,.T.);
#2858=EDGE_CURVE('',#135,#83,#2861,.F.);
#2859=EDGE_CURVE('',#83,#87,#2862,.T.);
#2860=EDGE_CURVE('',#87,#135,#2863,.T.);
#2861=LINE('',#134,#2864);
#2862=LINE('',#82,#2865);
#2863=LINE('',#86,#2866);
#2864=VECTOR('',#2867,1.0);
#2865=VECTOR('',#2868,1.0);
#2866=VECTOR('',#2869,1.0);
#2867=DIRECTION('',(0,0,-1));
#2868=DIRECTION('',(1,0,0));
#2869=DIRECTION('',(-0.8422713909361677,0,0.5390537116192164));
#2870=FACE_SURFACE('',(#2875),#2871,.T.);
#2871=PLANE('',#2872);
#2872=AXIS2_PLACEMENT_3D('',#146,#2873,#2874);
#2873=DIRECTION('',(0.034455713769355516,-0.9994062256103092,0));
#2874=DIRECTION('',(0,0,-1));
#2875=FACE_BOUND('',#2876,.T.);
#2876=EDGE_LOOP('',(#2877,#2878,#2879));
#2877=ORIENTED_EDGE('',*,*,#2880,.T.);
#2878=ORIENTED_EDGE('',*,*,#2881,.T.);
#2879=ORIENTED_EDGE('',*,*,#2882,.T.);
#2880=EDGE_CURVE('',#147,#71,#2883,.F.);
#2881=EDGE_CURVE('',#71,#143,#2884,.T.);
#2882=EDGE_CURVE('',#143,#147,#2885,.T.);
#2883=LINE('',#146,#2886);
#2884=LINE('',#70,#2887);
#2885=LINE('',#142,#2888);
#2886=VECTOR('',#2889,1.0);
#2887=VECTOR('',#2890,1.0);
#2888=VECTOR('',#2891,1.0);
#2889=DIRECTION('',(0,0,-1));
#2890=DIRECTION('',(0.792799163198789,0.027332690495379543,0.6088697815309804));
#2891=DIRECTION('',(-0.9994062256103091,-0.03445571376935551,0));
#2892=FACE_SURFACE('',(#2897),#2893,.T.);
#2893=PLANE('',#2894);
#2894=AXIS2_PLACEMENT_3D('',#70,#2895,#2896);
#2895=DIRECTION('',(0.034455713769355516,-0.9994062256103092,0));
#2896=DIRECTION('',(0.9994062256103091,0.03445571376935551,0));
#2897=FACE_BOUND('',#2898,.T.);
#2898=EDGE_LOOP('',(#2899,#2900,#2901));
#2899=ORIENTED_EDGE('',*,*,#2902,.T.);
#2900=ORIENTED_EDGE('',*,*,#2903,.T.);
#2901=ORIENTED_EDGE('',*,*,#2904,.T.);
#2902=EDGE_CURVE('',#71,#75,#2905,.F.);
#2903=EDGE_CURVE('',#75,#143,#2906,.T.);
#2904=EDGE_CURVE('',#143,#71,#2907,.T.);
#2905=LINE('',#70,#2908);
#2906=LINE('',#74,#2909);
#2907=LINE('',#142,#2910);
#2908=VECTOR('',#2911,1.0);
#2909=VECTOR('',#2912,1.0);
#2910=VECTOR('',#2913,1.0);
#2911=DIRECTION('',(0.9994062256103091,0.03445571376935551,0));
#2912=DIRECTION('',(0,0,1));
#2913=DIRECTION('',(-0.792799163198789,-0.027332690495379543,-0.6088697815309804));
#2914=FACE_SURFACE('',(#2919),#2915,.T.);
#2915=PLANE('',#2916);
#2916=AXIS2_PLACEMENT_3D('',#142,#2917,#2918);
#2917=DIRECTION('',(-0.034455713769355516,-0.9994062256103092,-0));
#2918=DIRECTION('',(0,0,-1));
#2919=FACE_BOUND('',#2920,.T.);
#2920=EDGE_LOOP('',(#2921,#2922,#2923));
#2921=ORIENTED_EDGE('',*,*,#2924,.T.);
#2922=ORIENTED_EDGE('',*,*,#2925,.T.);
#2923=ORIENTED_EDGE('',*,*,#2926,.T.);
#2924=EDGE_CURVE('',#143,#75,#2927,.F.);
#2925=EDGE_CURVE('',#75,#139,#2928,.T.);
#2926=EDGE_CURVE('',#139,#143,#2929,.T.);
#2927=LINE('',#142,#2930);
#2928=LINE('',#74,#2931);
#2929=LINE('',#138,#2932);
#2930=VECTOR('',#2933,1.0);
#2931=VECTOR('',#2934,1.0);
#2932=VECTOR('',#2935,1.0);
#2933=DIRECTION('',(0,0,-1));
#2934=DIRECTION('',(0.792799163198789,-0.027332690495379543,0.6088697815309804));
#2935=DIRECTION('',(-0.9994062256103091,0.03445571376935551,0));
#2936=FACE_SURFACE('',(#2941),#2937,.T.);
#2937=PLANE('',#2938);
#2938=AXIS2_PLACEMENT_3D('',#74,#2939,#2940);
#2939=DIRECTION('',(-0.034455713769355516,-0.9994062256103092,0));
#2940=DIRECTION('',(0.9994062256103091,-0.03445571376935551,0));
#2941=FACE_BOUND('',#2942,.T.);
#2942=EDGE_LOOP('',(#2943,#2944,#2945));
#2943=ORIENTED_EDGE('',*,*,#2946,.T.);
#2944=ORIENTED_EDGE('',*,*,#2947,.T.);
#2945=ORIENTED_EDGE('',*,*,#2948,.T.);
#2946=EDGE_CURVE('',#75,#79,#2949,.F.);
#2947=EDGE_CURVE('',#79,#139,#2950,.T.);
#2948=EDGE_CURVE('',#139,#75,#2951,.T.);
#2949=LINE('',#74,#2952);
#2950=LINE('',#78,#2953);
#2951=LINE('',#138,#2954);
#2952=VECTOR('',#2955,1.0);
#2953=VECTOR('',#2956,1.0);
#2954=VECTOR('',#2957,1.0);
#2955=DIRECTION('',(0.9994062256103091,-0.03445571376935551,0));
#2956=DIRECTION('',(0,0,1));
#2957=DIRECTION('',(-0.792799163198789,0.027332690495379543,-0.6088697815309804));
#2958=FACE_SURFACE('',(#2963),#2959,.T.);
#2959=PLANE('',#2960);
#2960=AXIS2_PLACEMENT_3D('',#134,#2961,#2962);
#2961=DIRECTION('',(-1,0,0));
#2962=DIRECTION('',(0,1,0));
#2963=FACE_BOUND('',#2964,.T.);
#2964=EDGE_LOOP('',(#2965,#2966,#2967));
#2965=ORIENTED_EDGE('',*,*,#2968,.T.);
#2966=ORIENTED_EDGE('',*,*,#2969,.T.);
#2967=ORIENTED_EDGE('',*,*,#2970,.T.);
#2968=EDGE_CURVE('',#135,#139,#2971,.F.);
#2969=EDGE_CURVE('',#139,#83,#2972,.T.);
#2970=EDGE_CURVE('',#83,#135,#2973,.T.);
#2971=LINE('',#134,#2974);
#2972=LINE('',#138,#2975);
#2973=LINE('',#82,#2976);
#2974=VECTOR('',#2977,1.0);
#2975=VECTOR('',#2978,1.0);
#2976=VECTOR('',#2979,1.0);
#2977=DIRECTION('',(0,1,0));
#2978=DIRECTION('',(0,-0.3902507420601045,-0.9207086174906466));
#2979=DIRECTION('',(0,0,1));
#2980=FACE_SURFACE('',(#2985),#2981,.T.);
#2981=PLANE('',#2982);
#2982=AXIS2_PLACEMENT_3D('',#138,#2983,#2984);
#2983=DIRECTION('',(-1,0,-0));
#2984=DIRECTION('',(0,0,-1));
#2985=FACE_BOUND('',#2986,.T.);
#2986=EDGE_LOOP('',(#2987,#2988,#2989));
#2987=ORIENTED_EDGE('',*,*,#2990,.T.);
#2988=ORIENTED_EDGE('',*,*,#2991,.T.);
#2989=ORIENTED_EDGE('',*,*,#2992,.T.);
#2990=EDGE_CURVE('',#139,#79,#2993,.F.);
#2991=EDGE_CURVE('',#79,#83,#2994,.T.);
#2992=EDGE_CURVE('',#83,#139,#2995,.T.);
#2993=LINE('',#138,#2996);
#2994=LINE('',#78,#2997);
#2995=LINE('',#82,#2998);
#2996=VECTOR('',#2999,1.0);
#2997=VECTOR('',#3000,1.0);
#2998=VECTOR('',#3001,1.0);
#2999=DIRECTION('',(0,0,-1));
#3000=DIRECTION('',(0,-1,0));
#3001=DIRECTION('',(0,0.3902507420601045,0.9207086174906466));
#3002=FACE_SURFACE('',(#3007),#3003,.T.);
#3003=PLANE('',#3004);
#3004=AXIS2_PLACEMENT_3D('',#114,#3005,#3006);
#3005=DIRECTION('',(-0,-1,-0));
#3006=DIRECTION('',(-1,0,0));
#3007=FACE_BOUND('',#3008,.T.);
#3008=EDGE_LOOP('',(#3009,#3010,#3011));
#3009=ORIENTED_EDGE('',*,*,#3012,.T.);
#3010=ORIENTED_EDGE('',*,*,#3013,.T.);
#3011=ORIENTED_EDGE('',*,*,#3014,.T.);
#3012=EDGE_CURVE('',#115,#119,#3015,.F.);
#3013=EDGE_CURVE('',#119,#103,#3016,.T.);
#3014=EDGE_CURVE('',#103,#115,#3017,.T.);
#3015=LINE('',#114,#3018);
#3016=LINE('',#118,#3019);
#3017=LINE('',#102,#3020);
#3018=VECTOR('',#3021,1.0);
#3019=VECTOR('',#3022,1.0);
#3020=VECTOR('',#3023,1.0);
#3021=DIRECTION('',(-1,0,0));
#3022=DIRECTION('',(0.7808687973341762,0,-0.6246950626904916));
#3023=DIRECTION('',(0,0,1));
#3024=FACE_SURFACE('',(#3029),#3025,.T.);
#3025=PLANE('',#3026);
#3026=AXIS2_PLACEMENT_3D('',#118,#3027,#3028);
#3027=DIRECTION('',(0,-1,0));
#3028=DIRECTION('',(0,0,-1));
#3029=FACE_BOUND('',#3030,.T.);
#3030=EDGE_LOOP('',(#3031,#3032,#3033));
#3031=ORIENTED_EDGE('',*,*,#3034,.T.);
#3032=ORIENTED_EDGE('',*,*,#3035,.T.);
#3033=ORIENTED_EDGE('',*,*,#3036,.T.);
#3034=EDGE_CURVE('',#119,#99,#3037,.F.);
#3035=EDGE_CURVE('',#99,#103,#3038,.T.);
#3036=EDGE_CURVE('',#103,#119,#3039,.T.);
#3037=LINE('',#118,#3040);
#3038=LINE('',#98,#3041);
#3039=LINE('',#102,#3042);
#3040=VECTOR('',#3043,1.0);
#3041=VECTOR('',#3044,1.0);
#3042=VECTOR('',#3045,1.0);
#3043=DIRECTION('',(0,0,-1));
#3044=DIRECTION('',(1,0,0));
#3045=DIRECTION('',(-0.7808687973341762,0,0.6246950626904916));
#3046=FACE_SURFACE('',(#3051),#3047,.T.);
#3047=PLANE('',#3048);
#3048=AXIS2_PLACEMENT_3D('',#110,#3049,#3050);
#3049=DIRECTION('',(1,0,0));
#3050=DIRECTION('',(0,-1,0));
#3051=FACE_BOUND('',#3052,.T.);
#3052=EDGE_LOOP('',(#3053,#3054,#3055));
#3053=ORIENTED_EDGE('',*,*,#3056,.T.);
#3054=ORIENTED_EDGE('',*,*,#3057,.T.);
#3055=ORIENTED_EDGE('',*,*,#3058,.T.);
#3056=EDGE_CURVE('',#111,#115,#3059,.F.);
#3057=EDGE_CURVE('',#115,#107,#3060,.T.);
#3058=EDGE_CURVE('',#107,#111,#3061,.T.);
#3059=LINE('',#110,#3062);
#3060=LINE('',#114,#3063);
#3061=LINE('',#106,#3064);
#3062=VECTOR('',#3065,1.0);
#3063=VECTOR('',#3066,1.0);
#3064=VECTOR('',#3067,1.0);
#3065=DIRECTION('',(0,-1,0));
#3066=DIRECTION('',(0,0.3425287117967293,-0.9395073611179815));
#3067=DIRECTION('',(0,0,1));
#3068=FACE_SURFACE('',(#3073),#3069,.T.);
#3069=PLANE('',#3070);
#3070=AXIS2_PLACEMENT_3D('',#114,#3071,#3072);
#3071=DIRECTION('',(1,0,0));
#3072=DIRECTION('',(0,0,-1));
#3073=FACE_BOUND('',#3074,.T.);
#3074=EDGE_LOOP('',(#3075,#3076,#3077));
#3075=ORIENTED_EDGE('',*,*,#3078,.T.);
#3076=ORIENTED_EDGE('',*,*,#3079,.T.);
#3077=ORIENTED_EDGE('',*,*,#3080,.T.);
#3078=EDGE_CURVE('',#115,#103,#3081,.F.);
#3079=EDGE_CURVE('',#103,#107,#3082,.T.);
#3080=EDGE_CURVE('',#107,#115,#3083,.T.);
#3081=LINE('',#114,#3084);
#3082=LINE('',#102,#3085);
#3083=LINE('',#106,#3086);
#3084=VECTOR('',#3087,1.0);
#3085=VECTOR('',#3088,1.0);
#3086=VECTOR('',#3089,1.0);
#3087=DIRECTION('',(0,0,-1));
#3088=DIRECTION('',(0,1,0));
#3089=DIRECTION('',(0,-0.3425287117967293,0.9395073611179815));
#3090=FACE_SURFACE('',(#3095),#3091,.T.);
#3091=PLANE('',#3092);
#3092=AXIS2_PLACEMENT_3D('',#112,#3093,#3094);
#3093=DIRECTION('',(-0,1,0));
#3094=DIRECTION('',(1,0,0));
#3095=FACE_BOUND('',#3096,.T.);
#3096=EDGE_LOOP('',(#3097,#3098,#3099));
#3097=ORIENTED_EDGE('',*,*,#3100,.T.);
#3098=ORIENTED_EDGE('',*,*,#3101,.T.);
#3099=ORIENTED_EDGE('',*,*,#3102,.T.);
#3100=EDGE_CURVE('',#113,#111,#3103,.F.);
#3101=EDGE_CURVE('',#111,#109,#3104,.T.);
#3102=EDGE_CURVE('',#109,#113,#3105,.T.);
#3103=LINE('',#112,#3106);
#3104=LINE('',#110,#3107);
#3105=LINE('',#108,#3108);
#3106=VECTOR('',#3109,1.0);
#3107=VECTOR('',#3110,1.0);
#3108=VECTOR('',#3111,1.0);
#3109=DIRECTION('',(1,0,0));
#3110=DIRECTION('',(-0.10360608018671238,0,-0.994618409315022));
#3111=DIRECTION('',(0,0,1));
#3112=FACE_SURFACE('',(#3117),#3113,.T.);
#3113=PLANE('',#3114);
#3114=AXIS2_PLACEMENT_3D('',#110,#3115,#3116);
#3115=DIRECTION('',(0,1,0));
#3116=DIRECTION('',(0,0,-1));
#3117=FACE_BOUND('',#3118,.T.);
#3118=EDGE_LOOP('',(#3119,#3120,#3121));
#3119=ORIENTED_EDGE('',*,*,#3122,.T.);
#3120=ORIENTED_EDGE('',*,*,#3123,.T.);
#3121=ORIENTED_EDGE('',*,*,#3124,.T.);
#3122=EDGE_CURVE('',#111,#107,#3125,.F.);
#3123=EDGE_CURVE('',#107,#109,#3126,.T.);
#3124=EDGE_CURVE('',#109,#111,#3127,.T.);
#3125=LINE('',#110,#3128);
#3126=LINE('',#106,#3129);
#3127=LINE('',#108,#3130);
#3128=VECTOR('',#3131,1.0);
#3129=VECTOR('',#3132,1.0);
#3130=VECTOR('',#3133,1.0);
#3131=DIRECTION('',(0,0,-1));
#3132=DIRECTION('',(-1,0,0));
#3133=DIRECTION('',(0.10360608018671238,0,0.994618409315022));
#3134=FACE_SURFACE('',(#3139),#3135,.T.);
#3135=PLANE('',#3136);
#3136=AXIS2_PLACEMENT_3D('',#116,#3137,#3138);
#3137=DIRECTION('',(-1,0,0));
#3138=DIRECTION('',(0,1,0));
#3139=FACE_BOUND('',#3140,.T.);
#3140=EDGE_LOOP('',(#3141,#3142,#3143));
#3141=ORIENTED_EDGE('',*,*,#3144,.T.);
#3142=ORIENTED_EDGE('',*,*,#3145,.T.);
#3143=ORIENTED_EDGE('',*,*,#3146,.T.);
#3144=EDGE_CURVE('',#117,#113,#3147,.F.);
#3145=EDGE_CURVE('',#113,#105,#3148,.T.);
#3146=EDGE_CURVE('',#105,#117,#3149,.T.);
#3147=LINE('',#116,#3150);
#3148=LINE('',#112,#3151);
#3149=LINE('',#104,#3152);
#3150=VECTOR('',#3153,1.0);
#3151=VECTOR('',#3154,1.0);
#3152=VECTOR('',#3155,1.0);
#3153=DIRECTION('',(0,1,0));
#3154=DIRECTION('',(0,-0.2520115100293652,-0.9677242369666677));
#3155=DIRECTION('',(0,0,1));
#3156=FACE_SURFACE('',(#3161),#3157,.T.);
#3157=PLANE('',#3158);
#3158=AXIS2_PLACEMENT_3D('',#112,#3159,#3160);
#3159=DIRECTION('',(-1,0,-0));
#3160=DIRECTION('',(0,0,-1));
#3161=FACE_BOUND('',#3162,.T.);
#3162=EDGE_LOOP('',(#3163,#3164,#3165));
#3163=ORIENTED_EDGE('',*,*,#3166,.T.);
#3164=ORIENTED_EDGE('',*,*,#3167,.T.);
#3165=ORIENTED_EDGE('',*,*,#3168,.T.);
#3166=EDGE_CURVE('',#113,#109,#3169,.F.);
#3167=EDGE_CURVE('',#109,#105,#3170,.T.);
#3168=EDGE_CURVE('',#105,#113,#3171,.T.);
#3169=LINE('',#112,#3172);
#3170=LINE('',#108,#3173);
#3171=LINE('',#104,#3174);
#3172=VECTOR('',#3175,1.0);
#3173=VECTOR('',#3176,1.0);
#3174=VECTOR('',#3177,1.0);
#3175=DIRECTION('',(0,0,-1));
#3176=DIRECTION('',(0,-1,0));
#3177=DIRECTION('',(0,0.2520115100293652,0.9677242369666677));
#3178=FACE_SURFACE('',(#3183),#3179,.T.);
#3179=PLANE('',#3180);
#3180=AXIS2_PLACEMENT_3D('',#120,#3181,#3182);
#3181=DIRECTION('',(-8.673617379884035E-17,1,0));
#3182=DIRECTION('',(1,8.673617379884035E-17,0));
#3183=FACE_BOUND('',#3184,.T.);
#3184=EDGE_LOOP('',(#3185,#3186,#3187));
#3185=ORIENTED_EDGE('',*,*,#3188,.T.);
#3186=ORIENTED_EDGE('',*,*,#3189,.T.);
#3187=ORIENTED_EDGE('',*,*,#3190,.T.);
#3188=EDGE_CURVE('',#121,#117,#3191,.F.);
#3189=EDGE_CURVE('',#117,#101,#3192,.T.);
#3190=EDGE_CURVE('',#101,#121,#3193,.T.);
#3191=LINE('',#120,#3194);
#3192=LINE('',#116,#3195);
#3193=LINE('',#100,#3196);
#3194=VECTOR('',#3197,1.0);
#3195=VECTOR('',#3198,1.0);
#3196=VECTOR('',#3199,1.0);
#3197=DIRECTION('',(1,8.673617379884035E-17,0));
#3198=DIRECTION('',(-0.721387307283037,-6.257037486077895E-17,-0.6925318425104574));
#3199=DIRECTION('',(0,0,1));
#3200=FACE_SURFACE('',(#3205),#3201,.T.);
#3201=PLANE('',#3202);
#3202=AXIS2_PLACEMENT_3D('',#116,#3203,#3204);
#3203=DIRECTION('',(-8.673617379884035E-17,1,0));
#3204=DIRECTION('',(0,0,-1));
#3205=FACE_BOUND('',#3206,.T.);
#3206=EDGE_LOOP('',(#3207,#3208,#3209));
#3207=ORIENTED_EDGE('',*,*,#3210,.T.);
#3208=ORIENTED_EDGE('',*,*,#3211,.T.);
#3209=ORIENTED_EDGE('',*,*,#3212,.T.);
#3210=EDGE_CURVE('',#117,#105,#3213,.F.);
#3211=EDGE_CURVE('',#105,#101,#3214,.T.);
#3212=EDGE_CURVE('',#101,#117,#3215,.T.);
#3213=LINE('',#116,#3216);
#3214=LINE('',#104,#3217);
#3215=LINE('',#100,#3218);
#3216=VECTOR('',#3219,1.0);
#3217=VECTOR('',#3220,1.0);
#3218=VECTOR('',#3221,1.0);
#3219=DIRECTION('',(0,0,-1));
#3220=DIRECTION('',(-1,-8.673617379884035E-17,0));
#3221=DIRECTION('',(0.721387307283037,6.257037486077895E-17,0.6925318425104574));
#3222=FACE_SURFACE('',(#3227),#3223,.T.);
#3223=PLANE('',#3224);
#3224=AXIS2_PLACEMENT_3D('',#124,#3225,#3226);
#3225=DIRECTION('',(1,0,0));
#3226=DIRECTION('',(0,-1,0));
#3227=FACE_BOUND('',#3228,.T.);
#3228=EDGE_LOOP('',(#3229,#3230,#3231));
#3229=ORIENTED_EDGE('',*,*,#3232,.T.);
#3230=ORIENTED_EDGE('',*,*,#3233,.T.);
#3231=ORIENTED_EDGE('',*,*,#3234,.T.);
#3232=EDGE_CURVE('',#125,#121,#3235,.F.);
#3233=EDGE_CURVE('',#121,#97,#3236,.T.);
#3234=EDGE_CURVE('',#97,#125,#3237,.T.);
#3235=LINE('',#124,#3238);
#3236=LINE('',#120,#3239);
#3237=LINE('',#96,#3240);
#3238=VECTOR('',#3241,1.0);
#3239=VECTOR('',#3242,1.0);
#3240=VECTOR('',#3243,1.0);
#3241=DIRECTION('',(0,-1,0));
#3242=DIRECTION('',(0,0.4244338624034512,-0.9054589424404003));
#3243=DIRECTION('',(0,0,1));
#3244=FACE_SURFACE('',(#3249),#3245,.T.);
#3245=PLANE('',#3246);
#3246=AXIS2_PLACEMENT_3D('',#120,#3247,#3248);
#3247=DIRECTION('',(1,0,0));
#3248=DIRECTION('',(0,0,-1));
#3249=FACE_BOUND('',#3250,.T.);
#3250=EDGE_LOOP('',(#3251,#3252,#3253));
#3251=ORIENTED_EDGE('',*,*,#3254,.T.);
#3252=ORIENTED_EDGE('',*,*,#3255,.T.);
#3253=ORIENTED_EDGE('',*,*,#3256,.T.);
#3254=EDGE_CURVE('',#121,#101,#3257,.F.);
#3255=EDGE_CURVE('',#101,#97,#3258,.T.);
#3256=EDGE_CURVE('',#97,#121,#3259,.T.);
#3257=LINE('',#120,#3260);
#3258=LINE('',#100,#3261);
#3259=LINE('',#96,#3262);
#3260=VECTOR('',#3263,1.0);
#3261=VECTOR('',#3264,1.0);
#3262=VECTOR('',#3265,1.0);
#3263=DIRECTION('',(0,0,-1));
#3264=DIRECTION('',(0,1,0));
#3265=DIRECTION('',(0,-0.4244338624034512,0.9054589424404003));
#3266=FACE_SURFACE('',(#3271),#3267,.T.);
#3267=PLANE('',#3268);
#3268=AXIS2_PLACEMENT_3D('',#96,#3269,#3270);
#3269=DIRECTION('',(-0.037011660509880265,0.9993148337667671,0));
#3270=DIRECTION('',(-0.9993148337667671,-0.037011660509880265,0));
#3271=FACE_BOUND('',#3272,.T.);
#3272=EDGE_LOOP('',(#3273,#3274,#3275));
#3273=ORIENTED_EDGE('',*,*,#3276,.T.);
#3274=ORIENTED_EDGE('',*,*,#3277,.T.);
#3275=ORIENTED_EDGE('',*,*,#3278,.T.);
#3276=EDGE_CURVE('',#97,#93,#3279,.F.);
#3277=EDGE_CURVE('',#93,#125,#3280,.T.);
#3278=EDGE_CURVE('',#125,#97,#3281,.T.);
#3279=LINE('',#96,#3282);
#3280=LINE('',#92,#3283);
#3281=LINE('',#124,#3284);
#3282=VECTOR('',#3285,1.0);
#3283=VECTOR('',#3286,1.0);
#3284=VECTOR('',#3287,1.0);
#3285=DIRECTION('',(-0.9993148337667671,-0.037011660509880265,0));
#3286=DIRECTION('',(0.8145843364742976,0.030169790239788802,0.5792599956216683));
#3287=DIRECTION('',(0,0,-1));
#3288=FACE_SURFACE('',(#3293),#3289,.T.);
#3289=PLANE('',#3290);
#3290=AXIS2_PLACEMENT_3D('',#92,#3291,#3292);
#3291=DIRECTION('',(-0.037011660509880265,0.9993148337667671,0));
#3292=DIRECTION('',(0,0,1));
#3293=FACE_BOUND('',#3294,.T.);
#3294=EDGE_LOOP('',(#3295,#3296,#3297));
#3295=ORIENTED_EDGE('',*,*,#3298,.T.);
#3296=ORIENTED_EDGE('',*,*,#3299,.T.);
#3297=ORIENTED_EDGE('',*,*,#3300,.T.);
#3298=EDGE_CURVE('',#93,#129,#3301,.F.);
#3299=EDGE_CURVE('',#129,#125,#3302,.T.);
#3300=EDGE_CURVE('',#125,#93,#3303,.T.);
#3301=LINE('',#92,#3304);
#3302=LINE('',#128,#3305);
#3303=LINE('',#124,#3306);
#3304=VECTOR('',#3307,1.0);
#3305=VECTOR('',#3308,1.0);
#3306=VECTOR('',#3309,1.0);
#3307=DIRECTION('',(0,0,1));
#3308=DIRECTION('',(0.9993148337667671,0.037011660509880265,0));
#3309=DIRECTION('',(-0.8145843364742976,-0.030169790239788802,-0.5792599956216683));
#3310=FACE_SURFACE('',(#3315),#3311,.T.);
#3311=PLANE('',#3312);
#3312=AXIS2_PLACEMENT_3D('',#132,#3313,#3314);
#3313=DIRECTION('',(-1,0,0));
#3314=DIRECTION('',(0,1,0));
#3315=FACE_BOUND('',#3316,.T.);
#3316=EDGE_LOOP('',(#3317,#3318,#3319));
#3317=ORIENTED_EDGE('',*,*,#3320,.T.);
#3318=ORIENTED_EDGE('',*,*,#3321,.T.);
#3319=ORIENTED_EDGE('',*,*,#3322,.T.);
#3320=EDGE_CURVE('',#133,#129,#3323,.F.);
#3321=EDGE_CURVE('',#129,#89,#3324,.T.);
#3322=EDGE_CURVE('',#89,#133,#3325,.T.);
#3323=LINE('',#132,#3326);
#3324=LINE('',#128,#3327);
#3325=LINE('',#88,#3328);
#3326=VECTOR('',#3329,1.0);
#3327=VECTOR('',#3330,1.0);
#3328=VECTOR('',#3331,1.0);
#3329=DIRECTION('',(0,1,0));
#3330=DIRECTION('',(0,-0.38461537159297693,-0.9230769285029261));
#3331=DIRECTION('',(0,0,1));
#3332=FACE_SURFACE('',(#3337),#3333,.T.);
#3333=PLANE('',#3334);
#3334=AXIS2_PLACEMENT_3D('',#128,#3335,#3336);
#3335=DIRECTION('',(-1,0,-0));
#3336=DIRECTION('',(0,0,-1));
#3337=FACE_BOUND('',#3338,.T.);
#3338=EDGE_LOOP('',(#3339,#3340,#3341));
#3339=ORIENTED_EDGE('',*,*,#3342,.T.);
#3340=ORIENTED_EDGE('',*,*,#3343,.T.);
#3341=ORIENTED_EDGE('',*,*,#3344,.T.);
#3342=EDGE_CURVE('',#129,#93,#3345,.F.);
#3343=EDGE_CURVE('',#93,#89,#3346,.T.);
#3344=EDGE_CURVE('',#89,#129,#3347,.T.);
#3345=LINE('',#128,#3348);
#3346=LINE('',#92,#3349);
#3347=LINE('',#88,#3350);
#3348=VECTOR('',#3351,1.0);
#3349=VECTOR('',#3352,1.0);
#3350=VECTOR('',#3353,1.0);
#3351=DIRECTION('',(0,0,-1));
#3352=DIRECTION('',(0,-1,0));
#3353=DIRECTION('',(0,0.38461537159297693,0.9230769285029261));
#3354=FACE_SURFACE('',(#3359),#3355,.T.);
#3355=PLANE('',#3356);
#3356=AXIS2_PLACEMENT_3D('',#136,#3357,#3358);
#3357=DIRECTION('',(-4.503609024170557E-16,1,0));
#3358=DIRECTION('',(1,4.503609024170557E-16,0));
#3359=FACE_BOUND('',#3360,.T.);
#3360=EDGE_LOOP('',(#3361,#3362,#3363));
#3361=ORIENTED_EDGE('',*,*,#3364,.T.);
#3362=ORIENTED_EDGE('',*,*,#3365,.T.);
#3363=ORIENTED_EDGE('',*,*,#3366,.T.);
#3364=EDGE_CURVE('',#137,#133,#3367,.F.);
#3365=EDGE_CURVE('',#133,#85,#3368,.T.);
#3366=EDGE_CURVE('',#85,#137,#3369,.T.);
#3367=LINE('',#136,#3370);
#3368=LINE('',#132,#3371);
#3369=LINE('',#84,#3372);
#3370=VECTOR('',#3373,1.0);
#3371=VECTOR('',#3374,1.0);
#3372=VECTOR('',#3375,1.0);
#3373=DIRECTION('',(1,4.503609024170557E-16,0));
#3374=DIRECTION('',(-0.8044332556802011,-3.6228528696242544E-16,-0.5940430431843742));
#3375=DIRECTION('',(0,0,1));
#3376=FACE_SURFACE('',(#3381),#3377,.T.);
#3377=PLANE('',#3378);
#3378=AXIS2_PLACEMENT_3D('',#132,#3379,#3380);
#3379=DIRECTION('',(-4.503609024170557E-16,1,0));
#3380=DIRECTION('',(0,0,-1));
#3381=FACE_BOUND('',#3382,.T.);
#3382=EDGE_LOOP('',(#3383,#3384,#3385));
#3383=ORIENTED_EDGE('',*,*,#3386,.T.);
#3384=ORIENTED_EDGE('',*,*,#3387,.T.);
#3385=ORIENTED_EDGE('',*,*,#3388,.T.);
#3386=EDGE_CURVE('',#133,#89,#3389,.F.);
#3387=EDGE_CURVE('',#89,#85,#3390,.T.);
#3388=EDGE_CURVE('',#85,#133,#3391,.T.);
#3389=LINE('',#132,#3392);
#3390=LINE('',#88,#3393);
#3391=LINE('',#84,#3394);
#3392=VECTOR('',#3395,1.0);
#3393=VECTOR('',#3396,1.0);
#3394=VECTOR('',#3397,1.0);
#3395=DIRECTION('',(0,0,-1));
#3396=DIRECTION('',(-1,-4.503609024170557E-16,0));
#3397=DIRECTION('',(0.8044332556802011,3.6228528696242544E-16,0.5940430431843742));
#3398=FACE_SURFACE('',(#3403),#3399,.T.);
#3399=PLANE('',#3400);
#3400=AXIS2_PLACEMENT_3D('',#140,#3401,#3402);
#3401=DIRECTION('',(1,0,0));
#3402=DIRECTION('',(0,-1,0));
#3403=FACE_BOUND('',#3404,.T.);
#3404=EDGE_LOOP('',(#3405,#3406,#3407));
#3405=ORIENTED_EDGE('',*,*,#3408,.T.);
#3406=ORIENTED_EDGE('',*,*,#3409,.T.);
#3407=ORIENTED_EDGE('',*,*,#3410,.T.);
#3408=EDGE_CURVE('',#141,#137,#3411,.F.);
#3409=EDGE_CURVE('',#137,#81,#3412,.T.);
#3410=EDGE_CURVE('',#81,#141,#3413,.T.);
#3411=LINE('',#140,#3414);
#3412=LINE('',#136,#3415);
#3413=LINE('',#80,#3416);
#3414=VECTOR('',#3417,1.0);
#3415=VECTOR('',#3418,1.0);
#3416=VECTOR('',#3419,1.0);
#3417=DIRECTION('',(0,-1,0));
#3418=DIRECTION('',(0,0.38461537159297743,-0.923076928502926));
#3419=DIRECTION('',(0,0,1));
#3420=FACE_SURFACE('',(#3425),#3421,.T.);
#3421=PLANE('',#3422);
#3422=AXIS2_PLACEMENT_3D('',#136,#3423,#3424);
#3423=DIRECTION('',(1,0,0));
#3424=DIRECTION('',(0,0,-1));
#3425=FACE_BOUND('',#3426,.T.);
#3426=EDGE_LOOP('',(#3427,#3428,#3429));
#3427=ORIENTED_EDGE('',*,*,#3430,.T.);
#3428=ORIENTED_EDGE('',*,*,#3431,.T.);
#3429=ORIENTED_EDGE('',*,*,#3432,.T.);
#3430=EDGE_CURVE('',#137,#85,#3433,.F.);
#3431=EDGE_CURVE('',#85,#81,#3434,.T.);
#3432=EDGE_CURVE('',#81,#137,#3435,.T.);
#3433=LINE('',#136,#3436);
#3434=LINE('',#84,#3437);
#3435=LINE('',#80,#3438);
#3436=VECTOR('',#3439,1.0);
#3437=VECTOR('',#3440,1.0);
#3438=VECTOR('',#3441,1.0);
#3439=DIRECTION('',(0,0,-1));
#3440=DIRECTION('',(0,1,0));
#3441=DIRECTION('',(0,-0.38461537159297743,0.923076928502926));
ENDSEC;
END-ISO-10303-21;
